"","temp","dewp","max","min","NUM_REPORTS"
"5115",28.4,17.4,36,17.1,674
"5116",34.3,28.9,37,19.9,648
"5117",30.6,27.5,37,16,514
"5118",4.5,-5.8,14,-0.9,523
"5119",9.2,1.6,12,-0.9,503
"5122",10.3,0.7,19.9,-7.1,590
"5123",8,-1.7,21,0,647
"5124",27.7,16.7,34,21.9,650
"5125",26.3,19.8,34,19.9,607
"5126",19.3,10.8,30,17.1,612
"5127",13.5,6.3,23,5,675
"5128",23.5,15.9,36,5,763
"5129",29.3,23.2,36,17.1,710
"5130",36.8,28.6,44.1,21.9,741
"5131",38.7,30.6,44.1,30,698
"5132",34,28.6,43,27,709
"5133",36.6,32.2,43,27,793
"5134",34.2,30,39.9,33.1,746
"5135",32.2,23.8,36,30,752
"5136",31.7,24.3,34,30,800
"5137",35.1,27.7,45,30,756
"5138",34.1,30.2,37,28.4,646
"5139",25.9,18.1,37.9,21,656
"5140",29.3,22.5,33.1,21,675
"5141",28.7,18.5,36,24.1,647
"5142",36.1,26.1,39,24.1,704
"5143",29.7,13.3,39,23,714
"5144",30.3,20.6,39,23,636
"5145",31.8,28.6,39,23,562
"5147",16.7,10,27,8.1,512
"5148",25.4,19.8,30,8.1,577
"5149",11.4,0.2,30,3,572
"5150",20.2,10.6,32,3,696
"5151",33.6,27.1,43,15.1,679
"5152",38.5,34.5,44.1,25,615
"5153",29.3,24.6,42.1,27,607
"5154",28.4,19.1,33.1,25,629
"5155",32.6,24.3,37.9,25,606
"5156",18.3,4.6,37.9,10.9,611
"5157",14.5,3.9,25,7,632
"5158",21.1,8.7,28.9,7,597
"5159",7.3,-4.4,28.9,0,552
"5160",12.8,-4.8,19,0,539
"5161",18.2,7.3,21.9,8.1,597
"5162",9.6,-2.8,21.9,5,511
"5164",7,-5,19.9,-5.1,651
"5165",23.4,13.5,32,19,652
"5166",24.3,11.9,33.1,15.1,593
"5167",7.7,-9.3,30,0,572
"5168",13.9,2.1,30.9,0,628
"5169",24.1,9.9,32,6.1,572
"5170",20.2,12.3,28,16,518
"5171",10,-3.5,21.9,0,638
"5172",11,-1.6,23,0,545
"5173",22,15.9,27,19,759
"5174",23.8,12.4,34,16,658
"5175",30.7,22.9,37,16,636
"5176",26.6,14.8,37,19.9,562
"5177",15.2,-2.2,33.1,9,612
"5178",14.7,3.4,27,6.1,712
"5179",34.1,23.6,46,25,697
"5180",37.1,28.2,46,26.1,625
"5181",40,27.1,52,28,726
"5182",43.9,38.1,54,28,754
"5183",44.7,34.4,54,36,746
"5184",44.9,27.7,57.9,33.1,752
"5185",50.6,31.5,64.9,33.1,814
"5186",52.5,38.6,64.9,41,798
"5187",47.6,33.3,64,34,779
"5188",61.3,39,73.9,51.1,779
"5189",44.1,25.4,73.9,36,692
"5190",38.8,14.2,50,30,690
"5191",44.4,16.9,50,30,717
"5192",44,33.1,52,39,777
"5193",43,34.9,52,37.9,689
"5194",34.8,22.1,50,30.9,656
"5195",31.4,25.2,37,30,592
"5196",32.4,21.6,39,25,639
"5197",40.7,34.3,43,25,724
"5198",39.7,28.4,46,35.1,684
"5199",30.8,16.8,46,25,725
"5200",29.2,10.7,37,21,657
"5201",34.9,19.8,48.9,21,619
"5202",49.1,31,64,28,719
"5203",50.1,35.7,64,37,693
"5204",55.9,36.2,73.9,41,929
"5205",60.6,43.2,73.9,41,794
"5206",52,31.8,68,39,710
"5207",42.9,24.1,61,30.9,694
"5208",56.3,23.8,68,48,673
"5209",55,33.2,69.1,46.9,676
"5210",43.6,39,46.9,41,603
"5211",47.2,44.2,54,39.9,679
"5212",54.6,51.3,73.9,43,648
"5213",54.5,41.6,73.9,42.1,714
"5214",50.5,33.7,64.9,39,720
"5215",58.8,32.1,71.1,39,773
"5216",63.3,40.4,71.1,46.9,735
"5217",58.2,24.9,69.1,46,767
"5218",56,26.8,66.9,44.1,802
"5219",54.8,37.9,66.9,44.1,688
"5220",62.4,45.9,80.1,46.9,785
"5221",62.3,43.8,80.1,48.9,769
"5222",57.5,38.3,69.1,50,703
"5223",50.8,44.9,69.1,46.9,743
"5224",47.6,29.3,57.9,41,663
"5225",42.2,23.6,46.9,37,682
"5226",44.5,22.5,55.9,34,731
"5227",47.5,24,60.1,34,761
"5228",45.9,39.3,60.1,35.1,695
"5229",47.1,30.3,57,39,718
"5230",49.1,31.6,57,39,721
"5231",49.1,34.3,60.1,37.9,719
"5232",52.3,35.4,64,37.9,766
"5233",48,34.8,64,42.1,666
"5235",64.9,38.4,79,39.9,687
"5236",70.1,42.9,82,53.1,745
"5237",67.8,55,82,60.1,779
"5238",56.1,48.3,73.9,52,697
"5239",60.1,53.5,82,51.1,739
"5240",71.2,52.9,87.1,51.1,826
"5241",73.9,61.8,87.1,57,807
"5242",60.4,56.3,68,51.8,685
"5243",50.3,46.9,66.9,46.9,741
"5244",59.9,54.5,71.1,46.9,749
"5245",54.2,39.5,71.1,50,757
"5246",49.6,35.3,57.9,45,768
"5247",55.3,40.4,69.1,45,755
"5248",67.6,58.2,79,46,822
"5249",72.9,63.9,82,60.1,882
"5250",74.9,66.4,84,66.9,836
"5251",74.6,59.6,84,66.9,758
"5252",51.4,37.4,63,48,708
"5253",46.2,30.9,54,43,729
"5254",54.7,37.9,70,43,745
"5255",60.5,37.5,70,46.9,824
"5256",65.7,37.6,82.9,50,798
"5257",68.8,51.7,82.9,53.1,687
"5258",74.3,63.4,81,62.1,708
"5259",73.3,64.3,81,68,770
"5260",70.9,60.2,77,66.9,738
"5261",72,55.7,84,60.1,800
"5262",75.7,62.5,84,60.1,828
"5263",66,60.4,84,48.9,719
"5264",48.7,42.8,55.9,44.1,666
"5266",58,42.8,71.1,45,772
"5267",65.3,50.1,79,45,778
"5268",71,58,82,55,721
"5269",66.8,57.6,82,59,786
"5270",62.4,51.4,73,54,758
"5271",68.2,59.9,82.9,54,739
"5272",74.9,64.3,86,60.1,682
"5273",72,57.5,87.1,61,732
"5274",81.7,64.6,93.9,61,793
"5275",72.1,60.1,77,66,804
"5276",65.9,63.2,79,59,828
"5277",69.7,62.8,87.1,57.2,813
"5278",75.9,69.9,88,57.9,795
"5279",76.4,71.8,84.9,70,739
"5280",70.4,60.2,82.9,66,847
"5281",63.5,52.5,72,57.9,722
"5282",74.5,67.1,82,57.9,768
"5283",63.1,53.5,82,57,774
"5284",67.4,57.1,82,57,766
"5285",76.8,66.6,87.1,57,783
"5286",78.3,71.4,87.1,70,780
"5287",77.2,61.9,84.9,70,732
"5288",72.3,57.4,81,66,728
"5289",73.4,65.2,82.9,66,784
"5290",66.3,61.6,82.9,63,784
"5291",66.5,54,77,59,723
"5292",70,51.7,81,57.9,797
"5293",70.6,63,81,57.9,752
"5294",70.7,62.3,80.1,64.9,749
"5295",62.6,53.7,80.1,59,889
"5296",62.8,54,70,55.4,757
"5297",68,54,77,55.9,768
"5298",72.2,56.2,84,61,845
"5299",76,59.6,84.9,62.1,898
"5300",78.4,65.7,88,64.9,757
"5301",69,57.5,88,59,701
"5302",62.5,50.6,73.9,59,718
"5303",66.3,57.4,73.9,59,672
"5304",71.5,57,82,61,739
"5305",73.7,57.2,82,63,798
"5306",75,65.4,82.9,64.9,801
"5307",78,67.6,88,69.1,782
"5308",78,66.1,88,70,711
"5309",68.2,52.4,84,62.1,795
"5310",69.4,57.2,79,62.1,673
"5311",80,70.8,93,63,825
"5312",82.5,70.8,93,73.9,776
"5313",82.1,68.8,93,75.9,764
"5314",77.6,61.5,89.1,68,778
"5315",77.1,57.7,89.1,68,777
"5316",75.9,54.3,84,66.9,774
"5317",77.7,56,86,66.9,810
"5318",79.2,59.2,87.1,66.9,867
"5319",80.8,66.7,91.9,69.1,832
"5320",77.4,64.7,91.9,71.1,802
"5321",80.3,64.2,90,71.1,835
"5322",82.9,66.1,93.9,71.1,767
"5323",83.3,65.7,93.9,73.9,764
"5324",80,54.5,90,69.1,775
"5325",80.7,55.8,90,69.1,782
"5327",82.5,64.6,95,66,822
"5328",77.8,59,95,68,729
"5329",75,53.2,84,64,761
"5330",75.6,56.5,84,64,772
"5331",76.2,60,84,64.9,809
"5332",76.4,57.5,84.9,68,839
"5333",78.1,62,84.9,68,849
"5334",74.6,65.5,84.9,70,745
"5335",77.8,67.6,86,70,809
"5336",75,62.1,86,68,791
"5337",72.7,57.4,82,64.9,760
"5338",75.6,59.9,86,64.9,784
"5339",79.4,65.9,90,66.9,808
"5340",78,67.2,90,70,826
"5341",80.7,68.1,91,72,865
"5342",81.2,67.3,91,72,741
"5343",75.8,66.7,90,70,762
"5344",73.9,62.6,81,69.8,793
"5345",67.2,52,75,60.8,839
"5346",71.7,53.3,84,60.1,858
"5347",75.3,55.5,84,60.1,845
"5348",74.1,58.9,82.9,66,806
"5349",67.4,48.8,79,57,724
"5350",65.4,47.6,75.9,57,767
"5351",64.2,52,73,59,792
"5352",65.5,52.8,75,55.9,764
"5353",68.8,57.3,75.9,55.9,806
"5354",70.8,62.3,75.9,62.1,761
"5355",71,63.9,78.1,66,800
"5356",74.8,65.4,87.1,64.9,745
"5358",82.2,69,91.9,73,801
"5359",83.9,67.6,93,73,875
"5360",76.9,66.9,93,72,815
"5361",76.9,66.5,87.1,72,767
"5362",82.8,65.7,93.9,73,818
"5363",83.6,66.9,93.9,73.9,808
"5364",80,69.1,90,73.9,717
"5365",72.4,61.2,88,68,711
"5366",66.6,56.2,78.1,59,659
"5367",63.4,56,77,59,691
"5368",59.2,46,69.1,54,724
"5369",60.3,44,71.1,50,734
"5370",67.4,47.9,82.9,50,791
"5371",73.7,52,84,55.9,813
"5372",73.5,51.3,84,61,766
"5373",75,58,87.1,61,717
"5374",74.2,66.4,87.1,66,791
"5375",66.8,56.8,79,59,792
"5376",62.4,48.6,72,53.1,811
"5377",64.5,48.8,73,53.1,735
"5378",67.8,50.7,81,55.9,777
"5379",70.6,51,81,57,833
"5380",69.7,55.7,80.1,61,718
"5381",69.6,57.8,78.1,62.1,811
"5382",69.2,57.5,75.9,61,792
"5383",70.1,58.7,75.9,61,802
"5384",72.4,62.9,81,66.9,753
"5385",67.6,58.6,81,60.1,670
"5386",59.2,44.2,72,55.9,678
"5387",57.4,41.3,63,54,889
"5388",56.6,40,62.1,53.1,799
"5389",52.9,39.1,59,50,709
"5390",53.4,46.3,60.1,48.9,654
"5391",58.4,53.2,61,51.1,755
"5392",60.8,54.1,68,57,752
"5393",62.3,53.8,73,55.9,718
"5394",64.5,52.1,79,55,701
"5395",62,50.4,79,55,795
"5396",55.6,42.6,66.9,45,729
"5397",63.3,45.4,80.1,45,735
"5398",68.2,47.1,80.1,53.1,732
"5399",57.5,40.5,77,51.1,741
"5400",54.4,38.7,64.9,45,764
"5401",57.3,35.1,71.1,45,816
"5402",51.1,28.9,71.1,44.1,734
"5403",44.8,21.5,55.9,36,706
"5404",46.8,26.9,61,35.1,675
"5405",57.7,29,73.9,35.1,788
"5406",65,36.3,77,46.9,785
"5407",66.2,49.5,77,55,794
"5408",61.2,48.1,77,55.9,774
"5409",57.4,43.2,64,54,777
"5410",63.8,56.7,68,54,765
"5411",52.8,38.1,68,42.1,728
"5412",52.2,37.6,63,42.1,781
"5413",54.7,41.5,62.1,42.1,651
"5414",53.8,49.5,57.9,46,682
"5415",42.2,31.5,57.9,37.9,669
"5416",46.9,35.8,57,37,776
"5417",48.8,41,57,37,721
"5419",60.3,43.2,73.9,46,785
"5420",61,49,73.9,50,749
"5421",60.3,53.5,73,50,791
"5422",65.6,56.2,73,50,755
"5423",55.8,46.9,71.1,46,747
"5424",46.4,33.8,66.9,37.9,691
"5425",44,26.4,55,34,705
"5426",46.1,28,55.9,34,684
"5427",48.9,33.4,57.9,35.1,640
"5428",51.7,35.6,64,37.9,688
"5429",49.7,40.6,64,43,693
"5430",43.3,26.1,57.9,37,679
"5431",42.3,25.6,57.9,30.9,696
"5432",54.1,32.6,66,30.9,722
"5433",53.1,33.8,66,44.1,744
"5434",53.1,47.2,60.1,48,668
"5435",60.1,49.2,63,48.9,683
"5436",46,29.7,63,41,696
"5437",38.2,16.1,50,33.1,714
"5438",33.6,30.1,43,28.9,528
"5439",21.4,13.2,35.1,12.9,520
"5440",31,21.6,39,12.9,650
"5441",34.7,27.1,45,26.1,607
"5442",44.7,32.2,53.1,26.1,620
"5443",55,46,62.6,50,589
"5444",47.6,42.1,62.1,37.9,613
"5445",39,29.3,39.9,37,658
"5446",36.8,27.7,43,30,612
"5447",42.1,29.7,46,30,668
"5448",43.5,35.8,46,39,797
"5449",36.5,30.1,45,33.1,716
"5450",34.2,26.9,39,30.9,710
"5451",38.3,31.5,48,30.9,700
"5452",36.3,30.8,48,30,707
"5453",38.7,31.2,48,30,687
"5454",37.2,33.2,48,32,689
"5455",41.9,36.1,46.9,33.1,733
"5456",48.2,39.8,54,43,685
"5457",50,37.8,60.1,43,690
"5458",49.1,34.3,60.1,43,742
"5459",55.3,49.8,60.1,44.1,752
"5460",59.7,55.1,64,51.1,652
"5461",56.5,50,64,46.9,739
"5462",43.2,35.3,46.9,41,793
"5463",45.1,37.6,55,42.1,722
"5464",34.9,22.9,55,30.9,728
"5465",29.8,16.5,36,26.1,653
"5466",25.3,12.1,33.1,17.1,666
"5467",37.8,22.2,51.1,17.1,693
"5468",47.8,39.3,54,28,650
"5469",41.6,37,54,37,694
"5470",50.6,46.1,61,37,754
"5471",43.2,33.3,57.9,35.6,675
"5472",41.2,32.6,46,36,498
"5473",41.6,34.5,46,36,640
"5474",41.2,35.4,45,36,627
"5475",35.4,27.7,43,32,516
"5476",35.5,30.3,42.1,32,624
"5477",30.3,22.9,41,28,603
"5478",28.5,20.4,28.9,28,611
"5480",28.6,19.2,33.1,21.9,576
"5481",28.8,18.7,33.1,24.1,618
"5482",28.5,17.3,32,25,626
"5483",27.5,16.9,34,21,627
"5484",31.1,20.3,39,25,628
"5485",38.6,24.3,43,36,707
"5486",41.9,34.6,45,39,743
"5487",40.5,37.2,46.4,33.1,650
"5488",20.6,13.1,34,8.1,597
"5489",8.3,-0.8,21.9,1.9,513
"5490",16.2,6.3,26.6,8.1,548
"5491",9,-0.1,24.1,1.9,654
"5492",33.9,24.8,45,23,734
"5493",41.1,34.5,45,34,734
"5494",30.4,20.3,34,27,652
"5495",9.6,-3.8,25,3.2,537
"5496",2.8,-10.8,10,-2,515
"5497",8.1,-5.3,18,1.9,610
"5498",18.8,8.5,25,12.9,619
"5499",21.3,12.6,32,16,634
"5500",27.3,18.6,32,21,701
"5501",30,19,35.6,25,722
"5502",29.1,18.3,37,24.1,675
"5503",34.3,25.4,41,28.9,744
"5504",33.5,27,43,28.9,640
"5505",29.1,16.6,34,26.1,669
"5506",35.7,26,41,33.1,751
"5507",30.5,14.5,36,24.1,746
"5508",39.9,29,48.9,34,743
"5509",44.6,39.2,48.9,39.9,665
"5510",37.1,30.2,46.9,30.9,853
"5511",37.1,31.5,42.1,35.1,614
"5512",37.3,33.6,39.9,33.1,682
"5513",28.1,16.6,33.1,21,670
"5514",30.5,20.7,34,27,660
"5515",32.3,22.4,42.1,26.1,695
"5516",39.8,28.6,46,34,617
"5517",32.4,23.4,43,28,570
"5518",20.4,11.8,28,17.1,545
"5519",15.2,2.4,19,10.9,565
"5520",15.4,-0.8,24.1,9,582
"5521",21,5.2,25,18,647
"5522",11.5,-9,19,3.9,597
"5523",15.8,1.9,19,12.9,514
"5524",22.5,17.7,28.9,17.1,553
"5525",29.2,22.3,37,26.1,625
"5526",30.8,20.9,36,27,641
"5527",32.5,21.3,42.1,26.1,681
"5528",50.2,34.6,64.9,39.9,775
"5529",51.2,30.9,60.1,42.1,702
"5530",41.5,30.9,53.1,36,707
"5531",36.7,25.5,45,28,639
"5532",37.9,24.6,46,30.9,630
"5533",36.4,26.2,39.9,32,578
"5534",34.4,23.8,37.9,32,699
"5535",32.7,15.3,35.1,28,740
"5536",38.1,24.4,55,28,692
"5537",52.2,36.5,64,44.1,624
"5538",42.1,28.9,60.1,34,646
"5539",29.8,22.8,36,24.1,817
"5540",23.2,6.8,33.1,14,608
"5541",31.2,23.5,33.1,28.9,617
"5542",31.9,19.4,39,23,704
"5543",34.6,27.1,39.9,28.9,700
"5544",40.8,29.1,53.1,35.1,714
"5545",52.6,38.9,62.1,46.9,795
"5546",63.2,48,73,57.9,723
"5547",62.1,53.8,69.1,59,679
"5548",50.1,40.1,60.1,45,716
"5549",44.1,33,53.1,37,733
"5550",46.1,37.3,60.1,37.9,746
"5551",48,43.5,51.1,46,628
"5552",46.3,43.6,54,43,684
"5553",52.1,45.1,64,46.9,713
"5554",54.7,40.6,61,48.9,745
"5555",50,27.3,57.9,43,738
"5556",42.9,26.6,53.1,35.1,791
"5557",39.5,29.6,46.9,36,699
"5558",38.8,25.5,45,33.1,685
"5559",40.1,22.9,50,32,699
"5560",52.1,30.6,66.9,45,722
"5561",45.7,35.9,63,39.9,686
"5562",38.7,36.8,43,34,677
"5563",35.8,25.6,45,30.9,717
"5564",42.7,31.7,55,35.1,735
"5565",50.2,37.9,66,42.1,631
"5566",46.2,36,53.1,44.1,741
"5567",45.9,30.4,60.1,35.1,739
"5568",51.4,34.1,62.1,46,716
"5569",60.9,54,70,55,754
"5570",45.1,36.9,55,39.9,826
"5571",36.8,23.8,43,32,651
"5572",43.1,20.7,72,28.9,706
"5574",36.1,17.5,46.9,28.9,677
"5575",46.3,36,50,43,660
"5576",41.3,33.4,46.9,35.1,742
"5577",38.9,26.7,44.1,35.1,626
"5578",31.1,14.1,37.9,24.1,689
"5579",39.1,26.7,48.9,33.1,704
"5580",49.3,37.6,52,46,676
"5581",41.4,21,50,33.1,701
"5582",44.7,26.6,57,37,715
"5583",50.2,27.3,61,39.9,691
"5584",55.2,32.5,69.1,45,811
"5585",61,38.1,77,48,734
"5586",64.7,38.7,80.1,51.1,708
"5587",68.2,38.1,82.9,53.1,738
"5588",55.9,40,73,48,703
"5589",61.5,40.7,73,54,690
"5590",62.8,52.1,71.1,57.9,714
"5591",52.2,43.1,60.1,44.1,731
"5592",49.4,37.7,60.1,42.1,694
"5593",59.6,42.6,80.1,46,756
"5594",72.6,51.2,84,62.1,758
"5595",54.5,44.6,81,44.1,693
"5596",46.4,39,50,43,661
"5597",47.7,41.4,51.1,44.1,731
"5598",46.7,39.7,51.1,44.1,719
"5599",46.6,40.1,50,45,605
"5600",46.9,43.7,51.1,44.1,820
"5601",49.8,38.8,57.9,44.1,757
"5602",55,35,68,42.1,735
"5603",52.2,39,64.9,46,682
"5604",49.5,35.9,61,42.1,701
"5605",61.6,40.6,82.9,46,794
"5606",65.1,40.7,82,54,742
"5607",57.2,30.7,69.1,45,729
"5608",57.2,44.3,66,52,732
"5609",57.4,54.1,71.1,51.1,713
"5610",60.4,56.8,69.1,55,758
"5611",63.4,55.8,71.1,55.9,690
"5612",59.3,43.5,66.9,50,808
"5613",47.7,35.4,62.1,43,723
"5614",47.3,26.9,57,37.9,739
"5615",57.1,33.8,71.1,46.9,782
"5616",55.4,41.3,66,50,692
"5617",54.2,36.6,66,45,801
"5618",57.5,32,69.1,44.1,764
"5619",60.8,37.5,68,53.1,805
"5620",64.5,34.8,75.9,55.9,792
"5621",67.2,40.7,78.1,54,750
"5622",68.5,39.9,84,54,782
"5623",75.7,45.2,89.1,64,803
"5624",77.9,58.8,89.1,66.2,721
"5625",73.2,63.2,84.9,64.9,767
"5626",76.1,64,84,69.1,800
"5627",75.1,64.2,82.9,70,791
"5628",74.9,59,82,64.9,798
"5629",75.9,57.2,87.1,64.9,820
"5630",73.4,56.9,84,66,756
"5631",69.9,61.7,81,64.9,937
"5632",72.6,53.2,80.1,62.1,800
"5633",72.7,52.1,84,63,822
"5634",72.1,57,81,66.9,827
"5635",70.5,57.4,81,63,777
"5636",73,53.1,84,62.1,792
"5637",64,48,77,57.9,754
"5638",61.5,48,70,54,744
"5639",63.9,50.8,73,57.9,727
"5640",77.2,62.2,93.9,64.9,765
"5641",85.2,62.4,93,75,816
"5642",72.8,49.3,91,64.9,852
"5643",71.1,48.3,88,60.1,794
"5644",77.2,58.5,88,69.1,835
"5645",80.6,67.6,91.9,69.1,790
"5646",75.2,62,90,66.9,821
"5647",72.5,54.2,86,63,830
"5648",76.3,50.8,88,64,763
"5649",80.4,56.4,91,70,811
"5650",84.6,66.8,91.9,79,857
"5651",77.1,51.2,91,66,825
"5652",73.3,59.2,82.9,68,749
"5653",72.3,65.8,80.1,69.1,801
"5654",73.3,57.9,82,66.9,807
"5655",79.5,61.5,91,71.1,813
"5656",82.8,67.8,90,75,775
"5657",81.9,59.9,91,73,771
"5658",69.3,52.9,78.1,64,767
"5659",67.9,48.9,78.1,57,804
"5660",72.3,48.1,79,64,847
"5662",67.9,45.9,77,59,756
"5663",70.4,52,78.1,62.1,782
"5664",71.9,59.8,81,66,848
"5665",77.2,64.5,88,69.1,895
"5666",79.1,66.8,89.1,68,742
"5667",78.4,68.5,84,72,790
"5668",78.6,66.6,88,69.8,790
"5669",74.5,58,84,66.9,729
"5670",74.2,56.6,84,64,760
"5671",81.3,64.9,91.9,73,701
"5672",82.9,69,90,75.9,780
"5673",79.1,68.3,87.1,73,726
"5674",76.5,64.8,88,69.1,769
"5675",72.6,58.3,84,66.9,846
"5676",69.3,55.7,77,62.1,780
"5677",73.9,59.3,86,66.9,789
"5678",78.8,67.5,87.1,70,799
"5679",79.6,63.8,88,70,791
"5680",80.7,66.8,89.1,73.9,825
"5681",82.5,72.8,90,75.9,785
"5682",81.1,70.9,91,73.9,792
"5683",86,74.3,91.9,79,814
"5684",80.4,72.5,93,71.6,790
"5685",79.6,65.3,87.1,73.9,827
"5686",80.9,62.9,87.1,73,877
"5687",81.5,63.3,90,71.1,795
"5688",78.8,66.9,84,72,774
"5689",75.3,69.1,82,70,802
"5690",74.2,65.5,79,71.1,927
"5691",74.4,64.2,82,66.9,813
"5692",76.5,65.5,82.9,70,882
"5693",79.2,65.4,88,73,793
"5694",81.8,65.7,90,73.9,772
"5695",83.5,65.3,91.9,75,793
"5696",80.1,67.7,89.1,75,862
"5697",76.6,61,82.9,66.9,828
"5698",75.6,58.4,84,66,838
"5699",78.6,61.5,84.9,73.9,804
"5700",79.9,60.7,90,71.1,725
"5701",83.1,65.2,91,73.9,722
"5702",84.6,69.6,93.9,77,852
"5703",81.5,73.6,88,75,746
"5704",78.4,71.9,84.9,75,827
"5705",78.4,64.4,84.9,69.1,843
"5706",75.5,67.2,82.9,72,843
"5707",76.4,68.5,84,71.6,816
"5708",79.1,65.9,88,71.1,862
"5709",79.1,69,86,72,767
"5710",76.6,65.6,84.9,71.1,793
"5711",75.8,68.1,82.4,71.1,844
"5712",68.5,54.9,77,61,786
"5713",69.6,52,79,59,728
"5714",73.6,58,82,64.9,753
"5715",76.9,66.4,84.9,71.6,823
"5716",77.9,69.1,84.9,73,770
"5717",74.2,62.3,81,68,803
"5718",75.9,67.5,86,70,819
"5719",78.5,69.8,82.9,73.9,805
"5720",78.4,68.9,90,73,884
"5721",78.9,70.7,84.9,73.9,755
"5722",74.6,62.7,80.1,71.1,780
"5724",69.8,55.5,75,64,799
"5725",70.2,55.4,77,61,830
"5726",72.2,57.1,81,63,779
"5727",77.6,63,90,66.9,822
"5728",83.8,71.8,93,75.9,761
"5729",85.1,71.6,93,78.1,723
"5730",77.3,70.3,88,72,795
"5731",75.2,66.7,81,69.1,818
"5732",70.3,60.5,73,66.2,767
"5733",66.8,50.9,75.9,55.9,758
"5734",70.7,51.7,81,61,793
"5735",74.4,58.4,87.1,64.9,786
"5736",71.6,58.7,78.1,66.9,820
"5737",70.8,57.5,78.1,64,823
"5738",74.1,60.3,84,66,807
"5739",74.8,62.9,82.9,68,834
"5740",72,54.6,82,63,781
"5741",74.9,55,89.1,63,712
"5742",77.3,55.2,84.9,71.1,792
"5743",73.1,62.1,78.1,68,731
"5744",75,62.4,84.9,68,831
"5745",74,65.5,84,71.1,845
"5746",70.8,62.7,75.9,66.9,833
"5747",74,62,86,64.9,809
"5748",67.8,46.2,82,60.1,764
"5749",62.4,34.6,72,53.1,735
"5750",57.3,45.9,66,52,634
"5751",62.7,56,66.9,55.4,702
"5752",63.3,58.2,66,61,772
"5753",62.1,57.4,64.9,59,862
"5754",61.9,56.7,66.9,57.9,707
"5755",63.7,55.8,66.9,61,772
"5756",66.7,56.1,75,61,743
"5757",72.2,57.4,82,64.9,805
"5758",67.8,60.6,75,61,754
"5759",67,56.7,73,57.9,863
"5760",54.1,37.6,66,44.1,715
"5761",56.7,44.8,63,50,682
"5762",59.8,44.9,73,50,724
"5763",66.5,48.3,75.9,60.1,697
"5764",63.8,53.4,72,52,746
"5765",49.6,37,57.9,41,693
"5766",53.9,40.3,68,43,821
"5767",61.4,53,71.1,54,823
"5768",69.4,62.5,72,64.9,790
"5769",73.6,63.9,84.9,68,817
"5770",74.3,59.7,82,64.9,774
"5771",62.3,48,72,53.1,712
"5772",57,47.1,64,53.1,717
"5773",49.5,33.8,55,44.1,760
"5774",48,32.2,61,37.9,773
"5775",58,44.3,73,46.9,785
"5776",54.3,40.9,66.9,46.9,770
"5777",48.5,36.3,53.1,42.1,736
"5778",48.3,41.4,51.1,46,698
"5779",49,42.1,52,46,730
"5780",51.6,43.8,64.9,43,802
"5781",67.1,57.8,73,63,831
"5782",56.2,48.5,63,50,786
"5783",50.4,40.8,59,44.1,867
"5784",67.1,55.2,77,57.9,910
"5785",64.6,56.8,73,60.1,749
"5786",57.8,50.9,66,52,783
"5787",54.9,42.9,63,46,783
"5788",56.1,44,69.1,46.9,821
"5789",58.3,46,70,48,753
"5790",57.6,42.5,66.9,48,738
"5791",57.1,45.3,64,54,644
"5792",51.5,35.6,57.9,43,680
"5793",51.3,33.3,64,44.1,723
"5794",51.4,36.1,57.9,46.9,797
"5795",45.3,31.1,52,36,780
"5796",45.7,29.8,57,37,660
"5797",49,34.9,61,41,670
"5798",48.2,42,57,39,712
"5799",49.6,42.1,61,41,770
"5800",58.2,45.4,73.9,48.9,811
"5801",62.8,48.2,68,48.9,794
"5802",38.9,23.5,48.9,35.1,677
"5803",30.6,15.4,36,25,663
"5804",32,17.5,43,24.1,683
"5805",35.5,24.7,39.9,30,722
"5806",40.7,34.4,44.6,37.4,699
"5807",41.3,35.5,46,37,534
"5808",39,31.7,42.1,36,689
"5809",40,31.8,48,33.1,719
"5810",39.4,34.4,44.1,35.1,693
"5811",46.3,40.2,52,42.1,693
"5812",51.5,43.5,57.9,45,698
"5813",42.1,34,55,36,697
"5814",38.9,30.4,42.1,37,822
"5815",38.6,30.1,41,36,835
"5816",34.5,22.1,37.9,32,758
"5817",33,26,35.1,30.9,595
"5818",33.4,29.7,34,30,678
"5819",34.2,29.7,39.9,28.9,688
"5820",28.1,17.7,33.1,26.1,660
"5821",22.3,11.8,26.6,18,606
"5822",23.8,13.8,26.1,21,668
"5823",22,12.2,25,19.9,612
"5824",27.6,22.4,34,23,512
"5825",27,21.1,35.1,16,629
"5826",18.4,8.3,25,12,574
"5827",11.7,-0.6,21,3.9,610
"5828",5.8,-7.2,12.9,1,580
"5829",14.4,2.6,21,7,695
"5830",23.1,17.2,26.6,19.4,614
"5831",13.4,4.3,21.9,1.9,526
"5832",2.2,-8.8,14,-6,660
"5833",21,7.3,30,14,693
"5834",28.1,18.3,37,21.9,728
"5835",35.6,25.2,39,30,702
"5836",32.2,25.4,37.9,27,728
"5837",35.8,31.2,37,35.1,604
"5838",34.2,30,36,33.1,488
"5839",47.4,40.7,55,35.1,647
"5840",29.9,18.2,42.1,26.1,663
"5841",32.7,22.7,44.1,24.1,722
"5842",35,24.6,41,30.9,647
"5843",30.9,16.6,35.1,25,742
"5844",37.4,20.7,43,32,704
"5846",36.1,28.6,39.9,30.9,613
"5847",40.3,37.2,42.8,37,718
"5848",19.1,7.3,37,10.9,612
"5849",10.9,-1.9,16,8.1,611
"5850",5.9,-7.2,10.9,1,601
"5851",8.3,-5.4,19,1.9,618
"5852",10.9,-5,19.9,3.9,591
"5853",23.1,10.7,30,16,713
"5854",39.8,31.3,52,28,705
"5855",33.9,27.1,45,27,663
"5856",28.4,24.4,41,23,644
"5857",22.9,11.1,28.9,18,800
"5858",30.1,18.4,35.1,28,685
"5859",28.1,18.5,35.1,21.9,656
"5860",34.3,29,37,32,652
"5861",36.7,36,39.9,35.1,705
"5862",33.6,32,36,32,707
"5863",35.6,32.5,42.1,32,738
"5864",38.7,37.5,42.8,37,783
"5865",49.6,44.7,60.1,41,786
"5866",43.9,39.6,51.1,39.2,742
"5867",40.7,34.4,43,39,789
"5868",38.4,31.8,43,37,736
"5869",38.9,33.5,44.6,36,748
"5870",34.3,28.8,37.9,32,675
"5871",29,19.5,33.1,26.1,784
"5872",27.7,19.5,30,26.1,731
"5873",27.6,15.5,30,25,634
"5874",24.1,8.8,32,17.1,756
"5875",38.2,28.1,43,32,734
"5876",35.9,24.2,39,32,847
"5877",22,5.8,33.1,15.1,671
"5878",20.7,2.3,28.9,15.1,670
"5879",24.1,5.3,34,16,638
"5880",34,16.6,41,28.9,695
"5881",37.3,28,55,27,762
"5882",46,43.7,53.6,42.1,693
"5883",32.2,23.4,44.1,28,666
"5884",20.2,3,28,14,668
"5885",26.7,13.6,41,18,745
"5886",42.7,33,52,37.9,704
"5887",41.3,26.9,48.9,37,678
"5888",36.1,18.9,45,27,718
"5889",41.4,25.6,51.1,34,713
"5890",34.4,15.2,46,28,673
"5891",35.1,12.5,42.1,30.9,671
"5892",46.4,28.9,66.9,32,832
"5893",56.9,34.7,70,45,748
"5894",51.4,33,66.9,37.9,674
"5895",55.1,40.8,69.1,46,711
"5896",59.7,49.4,64.9,54,679
"5897",57.9,52.1,66.9,52,703
"5898",51.6,44,64.9,37.9,655
"5899",40.8,37.6,44.1,37.9,660
"5900",30.4,21,44.1,23,599
"5901",33.1,16,48.9,24.1,576
"5902",42.8,27.3,54,33.1,633
"5903",52,44.8,59,46.9,631
"5904",47.3,43.5,59,32,741
"5905",32.4,20.3,36,28.9,629
"5906",27.8,6.1,33.1,21,673
"5907",33.7,21.5,42.1,28.4,633
"5908",42.4,28.6,61,33.1,662
"5909",54.6,46.5,60.8,52,683
"5910",54.5,39.4,64,44.1,682
"5911",46.3,19,52,41,667
"5912",39.3,18.5,50,34,676
"5913",31.8,6.4,37,27,666
"5914",24,-4.8,30,18,659
"5915",27.1,1,36,19.9,553
"5916",29,21.8,33.1,26.1,541
"5918",24.1,7.7,33.1,17.1,607
"5919",29.8,11.9,42.1,19,668
"5920",39,31.1,48.9,35.1,709
"5921",42.4,31.8,50,39,674
"5922",41.5,30.6,53.1,30.9,605
"5923",47.9,39.4,54,43,696
"5924",43.3,29.8,55,35.1,650
"5925",32.3,19.1,37.9,28.9,647
"5926",37.8,21.5,51.1,30.9,666
"5927",59.9,40.9,82,46.9,779
"5928",43.7,41.3,48,39.2,695
"5929",53.1,50.2,62.1,45,702
"5930",50,47.7,55.9,44.1,722
"5931",43.1,36.9,46.9,39.9,673
"5932",42.3,36,48.9,36,669
"5933",44.1,41.1,46.9,41,691
"5934",39.6,36.9,45,37,777
"5935",44.2,27.9,55.9,33.1,831
"5936",50.3,27.7,60.1,42.1,690
"5937",49.3,42.3,53.1,46.9,697
"5938",48.6,44.2,55.9,46,712
"5939",44.9,40.2,51.1,41,633
"5940",42.9,34.3,52,37.9,668
"5941",43.8,21.9,54,37,705
"5942",51.2,27.3,66.9,39.9,696
"5943",64.8,44.4,77,57,761
"5944",68,54.3,78.1,57.9,683
"5945",47.7,41.4,55,42.1,703
"5946",48.2,36.3,57,39,726
"5947",50.9,36.5,62.1,45,665
"5948",55.4,43.1,69.1,46,773
"5949",70.3,56.2,82,62.1,817
"5950",67.8,53,79,60.1,687
"5951",59.7,35.9,69.1,48.9,752
"5952",58.1,40.2,77,44.1,735
"5953",64.5,54,75.9,51.1,758
"5954",58.4,49.5,75,46,713
"5955",50.6,36.1,59,45,815
"5956",50.3,31.3,57.9,44.1,701
"5957",54.9,29.2,69.1,39,703
"5958",57.7,35.4,72,42.1,736
"5959",66.4,45.7,80.1,57,757
"5960",71.3,55.3,78.1,66,758
"5961",54.6,49,71.1,45,716
"5962",49.6,40.9,59,42.1,832
"5963",45.6,39.6,53.1,41,616
"5964",45.2,44.2,46.9,42.8,657
"5965",51.7,46.7,57.9,45,863
"5966",46.1,39.2,51.1,42.1,689
"5967",48.1,34.3,55.9,37.9,739
"5968",48.9,37,52,46.9,741
"5969",49,38.3,57.9,43,799
"5970",50.5,36.3,57,45,713
"5971",48,26.1,57.9,37.9,630
"5972",46.6,26.8,55,39,705
"5973",48.3,37.1,60.1,42.1,707
"5974",55.4,41.4,64.9,50,663
"5975",54.7,48.7,63,48.9,737
"5976",59,42.2,71.1,46.9,849
"5977",63.2,45.4,81,48,724
"5978",63.3,45.1,80.1,54,712
"5979",64.9,45.9,84.9,51.1,871
"5980",76.9,58.3,89.1,66.9,748
"5981",78.9,59.2,86,71.1,835
"5982",75.5,59.6,82,64.9,775
"5983",48.3,41,75.9,44.1,776
"5984",53.3,48.7,68,46.9,664
"5985",62.1,54.3,68,53.1,791
"5986",59.1,43.6,75,48.9,795
"5987",60.9,54.3,68,57,739
"5988",57,53.2,61,54,762
"5989",58.3,51.5,70,52,763
"5990",60.8,52.8,71.1,52,767
"5991",63.4,55.2,75,55.9,800
"5992",67,56.4,77,59,705
"5993",70.1,47.9,78.1,61,768
"5994",66,44.8,73.9,55.9,814
"5995",64.8,45.1,73.9,54,739
"5996",67.1,42.4,79,55,895
"5997",71.9,42.4,84.9,57.9,841
"5998",75.2,49.4,86,63,823
"5999",81,59.6,91,72,820
"6000",71.3,57.5,89.1,64.9,737
"6001",64.8,46.5,75,55,826
"6002",67,45.9,75.9,57.9,787
"6003",70.4,45,82.9,57,769
"6004",75.6,53.4,89.1,66,816
"6005",76.1,55.2,91,68,785
"6006",82.1,57.6,93.9,71.1,813
"6007",84.7,62.1,95,73.9,742
"6008",80.3,64.5,91.9,72,808
"6009",77.7,66.2,90,68,769
"6010",77.2,64.8,91,70,823
"6011",77.8,62.2,89.1,66.9,835
"6012",80.5,67.5,88,73,827
"6013",75.6,63.8,82.9,71.1,786
"6014",70.7,56,79,64,745
"6015",66.6,54.6,80.1,59,802
"6016",68.5,56.2,79,57,786
"6017",79.3,66.3,89.1,71.1,818
"6018",76.7,62.8,84,66.9,778
"6019",70,52,80.1,62.1,819
"6020",65.4,46.6,73,55.9,796
"6021",64.7,46.8,73.9,55,787
"6022",65.3,45.7,77,54,772
"6023",69.8,52.3,82.9,63,707
"6024",76.2,64.7,82.9,68,776
"6025",73.7,67.5,82.9,66.9,778
"6026",76.3,61.2,82.9,68,934
"6027",75.4,57.3,89.1,62.1,780
"6028",75.2,64.5,82.9,70,864
"6029",74.5,62.8,84,68,796
"6030",78.3,61.5,87.1,71.1,859
"6031",82.2,64.4,91.9,72,781
"6032",81.5,67.7,91,75.9,758
"6033",71.5,55.4,78.1,64,759
"6034",74.7,52.5,87.1,61,823
"6035",78.2,67.9,84.9,68,779
"6036",78.2,70.6,86,72,769
"6037",77.3,70.8,80.1,69.1,691
"6038",78.4,69.5,84,73.9,820
"6039",72.2,61,82,66.9,798
"6040",71,59.1,82.9,61,889
"6041",73.1,62.5,81,70,812
"6042",69.2,57.7,79,57.9,847
"6043",76,59.4,90,63,792
"6044",80.5,66.9,89.1,73,769
"6045",77.3,70,89.1,70,761
"6046",81.5,70.2,89.1,75,758
"6047",78,70.5,87.1,72,755
"6048",80.3,67.6,91,73,842
"6049",71.5,61,75.9,68,782
"6050",73.1,58.3,82,66,850
"6051",76.6,63.1,84.9,68,752
"6052",78.6,70.1,82,73.9,790
"6053",74.2,62.6,79,70,851
"6054",72.7,54.5,78.1,64.9,800
"6055",73.5,59,84,64,818
"6056",76.8,60.3,86,68,794
"6058",77.2,64.2,87.1,68,774
"6059",76.8,67.4,86,71.1,849
"6060",62.9,55.2,75.9,55.9,924
"6061",67.7,54.5,79,59,928
"6062",71.9,57.3,77,66,865
"6063",70.5,57.8,77,64,773
"6064",70.4,51.9,84,59,768
"6065",74.6,56.1,82.9,64,769
"6066",75.6,58.7,84.9,64.9,790
"6067",74,60.8,82,68,765
"6068",69.4,57.1,75.9,61,813
"6069",69.3,55.5,77,59,730
"6070",74,58.6,84,64.9,815
"6071",76.5,65.3,84,68,795
"6072",77.1,66.3,91.9,70,795
"6073",78.3,69.4,84,73,768
"6074",75.1,62.4,82.9,66.9,859
"6075",74.8,59.1,82,64,892
"6076",77.2,61.2,89.1,66.9,776
"6077",79.5,69.9,87.1,73,754
"6078",75.2,64.9,81,71.1,780
"6079",69.5,51.4,78.1,60.1,747
"6080",67.7,54.7,75.9,60.1,801
"6081",64.4,48.8,73,53.1,772
"6082",68.6,52.2,78.1,59,779
"6083",70.3,54.2,79,64,756
"6084",70.6,61.1,78.1,66,688
"6085",70,62.4,75.9,63,724
"6086",70.3,59.9,81,61,788
"6087",70.1,59.2,75,66.9,736
"6088",64.5,49.8,69.1,57.9,920
"6089",64,45.8,73.9,50,772
"6090",68.4,55,84,57,757
"6091",73.5,58.6,84,68,716
"6092",64.1,48.9,73.9,55,704
"6093",58.4,45,66.9,50,648
"6094",60.6,46.2,70,53.1,728
"6095",63.5,48.5,72,59,702
"6096",64.5,48.5,71.1,57,736
"6097",62.5,46.4,69.1,53.1,739
"6098",64,48.8,73.9,55,691
"6099",67,54,77,57.9,726
"6100",67.6,60.1,75.9,64,706
"6101",67.9,61,80.1,59,734
"6102",74.9,60.5,88,64,808
"6103",77.8,61.5,88,66.9,826
"6104",78.4,62.9,88,69.1,812
"6105",69.2,56.5,80.1,59,772
"6106",70.3,63.6,78.1,66,708
"6107",76.7,65.5,91.9,66,827
"6108",84,66.9,95,73.9,807
"6109",85.2,67.3,95,75,798
"6110",84.4,66.5,95,75,830
"6111",82.3,63.6,91.9,73,811
"6112",81.1,58.7,91.9,71.1,821
"6113",82,59.4,93,72,749
"6114",70.8,54.9,87.1,64,726
"6115",62.9,44.6,73,54,717
"6116",64.3,46.4,70,60.1,810
"6117",61.8,45.3,66,57,745
"6118",61.5,41.3,72,52,852
"6119",70.5,47.5,82.9,61,752
"6120",72.2,59.5,79,66.9,738
"6121",70.7,63.3,75,66,742
"6122",65.9,51.9,75.9,55.9,747
"6123",65.2,61.7,72,62.1,748
"6124",70.5,61.4,80.1,62.1,712
"6125",65.5,53.6,80.1,55.9,718
"6126",67.5,51.8,82,55,746
"6127",63.9,57,72,59,703
"6128",59.5,56.5,63,57,617
"6129",58.1,53.5,60.1,57,765
"6130",62.1,55.4,73.9,54,768
"6131",64.6,61.3,73,62.1,647
"6132",60.9,55.7,68,52,639
"6133",52.3,40.1,63,43,763
"6134",57.4,40.2,71.1,48.9,719
"6135",60,41,71.1,50,774
"6136",61.1,37.6,69.1,53.1,773
"6137",64.7,46,80.1,54,849
"6138",68.6,51.9,78.1,62.1,814
"6139",66,56.6,73.9,52,739
"6140",53.1,51.5,54,52,740
"6141",47.8,44.9,54,44.1,689
"6142",44.8,33.6,54,37.9,714
"6143",48.2,37.4,61,39,754
"6144",45.3,33.6,57.9,39,819
"6145",38.7,31.1,41,36,717
"6146",40,27.8,46,33.1,696
"6147",45,30.4,51.1,42.1,708
"6148",37.8,22.7,42.1,35.1,757
"6149",39.8,29.6,44.1,37,824
"6150",47.6,46.5,52,42.1,722
"6151",45.9,38.8,50,39.9,789
"6152",46,41.2,48.9,43,756
"6153",51.5,50.4,53.6,48.9,773
"6154",41.7,32.8,51.1,33.1,717
"6155",43.4,33.4,48,37.9,678
"6156",37.8,27.1,46.9,28.9,758
"6157",39,25.9,46.9,34,656
"6158",24.9,11.2,34,19.9,678
"6159",30.1,16.7,37,26.1,688
"6160",39,31.3,41,37,666
"6161",37.9,34.4,42.1,32,718
"6162",40.8,34.1,50,33.1,700
"6163",47.9,40.7,52,44.1,709
"6164",36.2,27.6,48,32,765
"6165",39.5,31.9,45,35.6,741
"6166",43.7,41.9,48,36,698
"6167",35,23.1,39.9,30,690
"6168",39.2,26.4,54,30,762
"6169",42.1,29.1,48,34,673
"6170",29.2,15.3,35.1,23,656
"6171",37.2,21.7,48,30.9,543
"6172",44.8,31.5,62.1,34,683
"6173",48.8,35.9,55,42.1,714
"6174",38.9,25.4,48.9,28,665
"6175",46.3,34.2,57,36,774
"6176",55.8,35.8,62.1,51.1,783
"6177",44.3,27.7,57.9,35.1,771
"6178",47.3,29.1,55,41,751
"6179",42.2,27.1,53.1,30.9,918
"6180",44.2,28.7,54,35.1,758
"6181",44.6,31.6,57.9,30.9,676
"6182",57.1,40.1,64.9,50,809
"6183",41.3,26.8,64,30,710
"6184",31.7,13.8,36,28,712
"6185",25.6,13.4,33.1,19,625
"6186",25.2,9.6,37,18,735
"6187",30,20.1,33.1,28,659
"6188",26.9,16.9,36,19.9,664
"6189",31.5,21.9,39.9,26.1,740
"6190",25.2,15.2,34,18,684
"6191",27.9,15.4,37.9,19,700
"6192",25.2,14.8,33.1,18,718
"6193",26.8,16,34,19,768
"6194",39.5,24.3,48,34,772
"6195",38.8,32.6,46.9,32,729
"6196",43.7,39,45,42.1,727
"6197",44.2,34.2,51.1,39,764
"6198",35.1,19.4,44.1,30,704
"6199",36.1,24.9,41,32,747
"6200",38.7,31.5,41,37,784
"6201",32.8,22.7,37.9,25,714
"6202",22.4,14.3,25,19.9,504
"6204",3.6,-8.1,12,-0.9,526
"6205",2.3,-8.5,8.1,-2.9,523
"6206",7.2,-1.7,14,1,601
"6207",12.7,7.1,15.8,10.9,574
"6208",10.5,2.1,16,3.9,621
"6209",1.1,-8,1.9,0,541
"6211",-2.8,-10.6,7,-9.9,562
"6212",12.2,3.5,18,1,576
"6213",8.3,-2.6,14,1.9,602
"6214",5.3,-5.3,12,0,664
"6215",6.7,-5.4,17.1,-0.9,586
"6216",17.7,7.3,30.9,6.1,533
"6217",34,29.8,37,30.9,621
"6218",30.5,28.2,34,28,652
"6219",38.6,37.6,52,30,720
"6220",56.6,53.9,60.8,45,701
"6221",24.3,18.2,36,21,707
"6222",14,-0.3,21.9,8.1,617
"6223",13.2,0.6,21.9,7,564
"6224",19,14.6,24.8,12.9,531
"6225",14.4,8.1,25,6.1,614
"6226",14.3,7.3,21,5,649
"6227",22.6,12.7,33.1,17.1,626
"6228",32.6,21.7,39,28,709
"6229",39.7,30.2,46.9,33.1,731
"6230",41.8,39.5,46,39,718
"6231",48.9,47.6,55,42.1,724
"6232",36,31,52,30,719
"6233",29.4,22.8,30.9,28,613
"6234",32.9,25.2,44.1,26.1,641
"6235",43.4,32.2,52,37,763
"6236",48.5,30.8,52,42.1,754
"6237",36.3,28,44.1,30,671
"6238",28.4,20.1,34,24.1,652
"6239",22.2,11,30.9,15.1,637
"6240",35.8,21.3,44.1,30,708
"6241",28.8,14.8,41,15.1,740
"6242",11.8,-5.4,19.9,5,674
"6243",27.6,9.3,42.1,19,630
"6244",26.7,20,39,14,513
"6245",6.6,-2.3,14,-0.9,543
"6246",13.4,6.9,21.9,6.1,588
"6247",18.4,12.2,19.9,15.8,544
"6248",14.4,6.6,21.9,9,557
"6249",24.8,21.5,28.9,19.4,505
"6250",21,15.5,27,17.1,534
"6251",22.4,17.9,26.1,19,537
"6252",16.9,5.8,28.9,3.9,572
"6253",24.5,14.1,36,17.1,645
"6254",34,28.4,46,28,661
"6255",41.5,41.2,48,39,698
"6256",36.2,25.6,46,30,664
"6257",25.4,16.8,36,17.1,605
"6258",29,24.5,39,19.9,587
"6259",44.5,41,57,37.9,624
"6260",59.3,57.7,66,46,645
"6261",32.8,26.8,46,28.9,639
"6262",34.6,27.2,39.9,28.9,677
"6263",40.7,37.6,45,39,671
"6264",37.7,32.5,43,35.1,681
"6265",41.6,31.9,52,34,657
"6266",41.9,26.9,55,28.9,625
"6267",50.1,32.1,62.1,41,691
"6268",51.8,39.9,60.1,39,646
"6269",39.5,35.3,44.1,37.9,830
"6270",37.4,24,46,30.9,692
"6271",38.1,20.7,43,33.1,664
"6272",38.6,22.1,46.9,32,649
"6273",37.9,20,43,34,665
"6274",36.1,32.7,42.1,34,653
"6275",31.7,22.6,36,26.1,656
"6276",28.8,14.5,36,24.1,660
"6277",30.1,16.3,39,23,745
"6278",33.4,17.6,39.9,25,684
"6279",35.1,22.5,41,30.9,619
"6280",36.9,23.1,46,28.9,661
"6281",31.8,21.2,39.9,28,638
"6282",31.7,15.4,46.9,21.9,665
"6283",39.9,25.4,48.9,30.9,691
"6284",32.6,22,37,30,703
"6285",36.7,25.3,45,33.1,777
"6286",40.8,21.2,55.9,28,689
"6287",41.5,25.7,53.1,37,660
"6288",33.8,22.3,37.9,28.9,712
"6289",34.3,20.7,39.9,30.9,689
"6290",35.3,19.6,48,25,670
"6291",36.7,22.4,43,30.9,752
"6292",36.8,22.5,41,34,649
"6293",34.6,17.2,42.1,28,677
"6294",41.4,23.5,55,32,696
"6295",49.9,46.3,53.1,46.9,674
"6296",45.7,36.7,53.1,39,689
"6297",45.4,39.7,48.9,41,629
"6298",39.6,28.6,48.9,35.1,704
"6299",46,33.3,60.1,37.9,690
"6300",33.8,15.3,46.9,27,736
"6301",33.1,16.5,45,23,674
"6302",40.2,35.9,43,37,605
"6303",32.8,24.7,37,27,701
"6304",32.3,17.5,42.1,24.1,672
"6305",35.6,26.5,39,32,695
"6306",29.2,8.2,39,21,635
"6307",31.9,14.2,39.9,23,618
"6308",34.5,28.5,39.9,30.9,661
"6309",37.1,24.7,46,28.9,714
"6310",48.5,32,66,39,769
"6311",59.5,42.6,75,48,751
"6312",45.8,39.4,53.1,42.1,781
"6313",40.4,38.6,44.1,37.9,689
"6314",36.7,35,39,35.1,603
"6315",31.3,26,36,28,733
"6316",35,22.3,45,30,699
"6317",35.1,26.4,37.9,32,627
"6318",41.1,29.6,55,33.1,724
"6319",46.8,21.6,61,33.1,803
"6320",47.2,20.3,53.1,41,677
"6321",51,23.1,62.1,44.1,698
"6322",51.9,29.3,64,43,716
"6323",55.8,42,64,50,713
"6324",49,35.8,59,43,750
"6325",49.3,29.1,66,36,733
"6326",51.9,31.3,61,44.1,772
"6327",43.9,29.3,51.1,37.9,679
"6328",44.5,20.1,57,33.1,725
"6329",57.9,20.4,80.1,42.1,790
"6331",77.2,52.5,88,66.9,789
"6332",65.4,59.8,78.1,57.9,742
"6333",67.9,54.9,75,57.9,814
"6334",70.7,45.2,82,57,853
"6335",63.5,41.8,82,55,716
"6336",60.3,40,73,50,805
"6337",69.8,40.4,82.9,55.9,805
"6338",71.1,49.5,82.9,60.1,792
"6339",66.1,54.4,78.1,59,779
"6340",53.5,44.6,64,48.9,729
"6341",49.1,44.6,53.1,46,699
"6342",54.4,49.6,69.1,48,690
"6343",63.8,56.6,86,53.1,788
"6344",64,58.9,69.1,60.1,743
"6345",62.6,45.8,77,48.9,759
"6346",65.2,50.5,75,55.9,795
"6347",58.4,46.6,68,53.1,800
"6348",61.1,57.7,69.1,57,759
"6349",51.5,47.3,60.1,45,764
"6350",54.8,52.2,64,48.9,714
"6351",60,56.6,66.9,55.9,797
"6352",63.7,52.1,78.1,51.1,781
"6353",71.8,54,87.1,59,820
"6354",78.5,55.9,90,68,805
"6355",78.3,64.7,90,69.1,854
"6356",83.4,63.5,96.1,72,882
"6357",84.1,63,96.1,75,888
"6358",77.7,60.9,93.9,70,875
"6359",77.5,66.6,87.1,72,847
"6360",77.7,68,89.1,70,841
"6362",60.9,53.3,73.9,53.1,820
"6363",67.5,54.8,79,60.1,835
"6364",68,48.5,80.1,55,790
"6365",67.2,48.9,80.1,55.9,752
"6366",63.5,48.2,80.1,52,815
"6367",73.8,57.8,81,66,767
"6368",65.6,55.9,73,61,774
"6369",66.5,60.4,81,57.9,816
"6370",65.5,63.6,71.1,61,731
"6371",64.1,62.8,69.1,61,748
"6372",70.6,66.7,81,64,794
"6373",75.1,61.8,81,69.8,751
"6374",72.9,52,81,62.1,758
"6375",76.6,57.8,89.1,64.9,842
"6376",82.2,69.5,93,70,826
"6377",86.3,72,95,78.1,828
"6378",86.7,72.7,95,79,846
"6379",73.3,67.5,84,66,795
"6380",70.4,64,79,66,891
"6381",66.5,64.2,69.1,64.4,667
"6382",63.2,60.7,66.9,61,723
"6383",68.3,58.2,80.1,60.8,839
"6384",73.7,63.2,82,66,870
"6385",70.1,61.8,78.1,64,854
"6386",74.9,64.6,84.9,68,795
"6387",73.3,68.4,79,69.8,827
"6388",76.1,65.4,87.1,66,822
"6389",83.5,71.8,95,73.9,780
"6390",87.3,76.5,95,79,867
"6392",77.2,65.5,81,72,860
"6393",78.5,64.6,91,68,826
"6394",83.9,73.6,91.9,77,829
"6395",80.3,73.5,95,72,841
"6396",74.8,60,79,71.1,890
"6397",71.7,51.1,81,63,831
"6398",75.6,55.3,88,64.9,825
"6399",80.1,61,91,68,802
"6400",82.2,65.1,88,78.1,810
"6401",78.3,57.9,86,71.1,737
"6402",79.3,61.6,87.1,72,798
"6403",82.1,63.4,93,72,819
"6404",78.3,69.2,90,73,788
"6405",81,71,91,73,812
"6406",83,72.1,93,75,786
"6407",77,61.9,84.9,69.1,745
"6408",72.6,55.2,79,64,840
"6409",76.7,57.7,89.1,66,778
"6410",75.7,66.6,84,70,823
"6411",71.5,67.6,77,69.8,800
"6412",71.6,68.3,77,69.8,795
"6413",73.6,64.9,82,68,846
"6414",75.7,64.3,84,66.9,798
"6415",79.1,59.6,89.1,68,808
"6416",77.5,60.4,84,72,801
"6417",71.1,56.1,79,63,800
"6418",71.9,54,82,61,808
"6419",72.4,56.8,80.1,64,776
"6420",72.5,59.2,81,63,782
"6421",74.3,62.4,80.1,68,830
"6422",73.7,62,86,63,942
"6423",77.7,63.8,88,69.1,854
"6424",77.1,63.1,88,64.9,891
"6425",83.2,65.3,96.1,73,904
"6426",84.5,66.5,95,77,860
"6427",79.3,69.4,90,72,803
"6428",76.5,69.7,84.9,71.1,785
"6429",74.6,67.6,82,69.1,792
"6430",78.5,66.4,91,68,769
"6431",77.8,69.4,84.9,71.1,858
"6432",78.4,63.7,89.1,69.1,860
"6433",79.9,60,88,70,843
"6434",77.9,63,89.1,66.9,824
"6435",80.5,61.2,90,69.1,829
"6436",80.2,66.7,87.1,75,799
"6437",77.3,69.4,86,73,836
"6438",75.7,69.2,84.9,69.1,810
"6439",76.7,69,82,72,912
"6440",76.5,67.8,84.9,68,793
"6441",75.8,68,80.1,71.1,748
"6442",73.1,67.7,80.1,68,722
"6443",71.1,54.1,81,60.1,850
"6444",70.9,52.6,81,60.1,728
"6445",69.2,57,78.1,64,790
"6446",72.9,66.9,88,64.9,837
"6447",83.5,74.4,95,73.9,792
"6448",86.2,72.2,96.1,78.1,825
"6449",83.1,72.1,93,72,802
"6450",72.2,67.6,81,68,751
"6451",68.5,56.8,73.9,64.9,821
"6452",72.4,59.7,86,62.1,833
"6454",82.3,68.8,91.9,73.9,832
"6455",78.6,69.1,88,73,776
"6456",79.9,69.1,93,72,820
"6457",83.1,68.1,91.9,75.9,717
"6458",70.6,65.1,79,68,741
"6459",68.9,60.8,70,66.2,730
"6460",67.1,52.6,69.1,64.9,790
"6461",65,51.1,70,61,664
"6462",66.6,55.1,73.9,61,716
"6463",67.5,56.4,80.1,57,692
"6464",68.5,55.9,82,57,714
"6465",66.9,56.6,79,57,687
"6466",70.6,59.9,84.9,62.1,869
"6467",70.3,61.5,82,63,809
"6468",74.9,65.1,86,66.9,819
"6469",79.1,64.4,91,69.1,786
"6470",75.3,63.7,82,69.1,737
"6471",71.1,61.7,79,66.9,762
"6472",78.1,67.1,95,68,829
"6473",78.4,61.1,91.9,68,825
"6474",60.3,44,68,55.9,799
"6475",61.2,49.1,70,53.1,735
"6476",65.1,56.9,71.1,57.9,796
"6477",73.2,65.2,84,68,751
"6478",61.5,48.1,68,51.1,752
"6479",59,42.9,69.1,48,708
"6480",58.2,43.8,66.9,51.1,793
"6481",51.2,38,60.1,42.1,732
"6482",59.3,49.4,68,54,741
"6483",62.5,56,73.9,57,918
"6484",64.1,58.4,75.9,59,717
"6485",71.3,60.5,88,60.1,676
"6486",66.2,53.8,84.9,53.1,698
"6487",58.3,52,66,53.1,654
"6488",64.9,61.3,73,59,726
"6489",59.2,53.9,61,57,718
"6490",70.9,64.1,84.9,61,743
"6491",77.3,65.2,86,71.1,746
"6492",72.9,64.2,80.1,68,724
"6493",51.3,38.6,69.1,43,679
"6494",40.2,30.9,46.9,36,707
"6495",41.6,33.3,53.1,34,744
"6496",47.9,37.9,57.9,39.9,702
"6497",44.5,34.1,53.1,37.9,705
"6498",44,29.2,57.9,34,667
"6499",47.6,30.2,54,42.1,690
"6500",45.5,26.7,57.9,34,725
"6501",49.1,35.1,54,45,766
"6502",47.4,35.7,53.1,37.9,806
"6503",38.1,20.3,50,28,644
"6504",47.8,30,63,37.9,716
"6505",48.6,32.4,57,41,736
"6506",44.3,34.4,51.1,37.9,805
"6507",44.9,33,52,37.9,721
"6508",48.9,37.7,54,46,830
"6509",49.8,39.6,53.1,43,788
"6510",47.7,41.7,52,44.1,717
"6511",46.9,38.4,57,39,723
"6512",53.5,42.8,69.1,45,766
"6513",55,46.4,69.1,48.9,885
"6514",50.7,36.7,53.1,46.9,939
"6515",45.2,34.7,51.1,37.9,786
"6516",43,32,48.9,34,784
"6517",49,41.5,52,46,685
"6518",48.3,42,53.1,45,706
"6519",48.3,42.5,50,45,763
"6520",38.5,26.8,45,36,685
"6521",35.9,23.7,41,33.1,676
"6522",35,26.2,41,28.9,718
"6523",25.3,12.5,34,19.9,651
"6524",33,19.3,42.1,28.9,648
"6525",34.5,22.8,39,30.9,687
"6526",25.2,10.7,30.9,19.9,609
"6527",25.8,13.1,36,19,639
"6528",32.1,24.3,35.1,28.9,692
"6529",34.2,27.2,41,28,733
"6530",34.8,29.5,37,33.1,670
"6531",34.4,27.3,37,30.9,630
"6532",28.4,21.9,34,24.1,639
"6533",32.3,22.4,36,30,699
"6534",32.6,22.5,37.9,28.9,741
"6535",33.9,23.4,39,30.9,542
"6536",40.8,32.1,51.1,34,750
"6537",45.4,40.4,48.9,42.1,697
"6538",39.5,33.8,42.1,37,574
"6539",31.3,26.8,39.9,27,561
"6540",24,15.6,28,21,637
"6541",22.1,14.4,27,18,715
"6542",31,23.4,37,27,675
"6543",36.2,29.1,43,32,752
"6544",38.5,34.5,43,34,818
"6545",43.4,39.6,48,39,711
"6546",34.8,28.9,39.9,32,771
"6547",30.8,21.6,32,30,724
"6548",28.3,19.1,30.9,25,712
"6549",30.7,21.2,33.1,27,719
"6550",21.5,10.7,27,17.1,747
"6551",24.5,12.8,30,19,739
"6552",25.1,17.1,35.1,18,691
"6553",24,17.2,34,17.1,718
"6554",30.5,22.9,39,26.1,671
"6555",36,27,43,30.9,759
"6556",34.3,26.4,43,26.1,712
"6557",40.6,38.9,42.1,39,793
"6558",38.5,33.3,48,30.9,744
"6559",36.9,31.7,55,28.9,751
"6560",35.6,24.8,52,28.9,712
"6561",30.5,25.5,50,21.9,717
"6562",40.1,30.6,50,34,740
"6563",45.4,40.6,48.9,43,788
"6564",36.9,33.3,46.9,32,802
"6565",31.3,24.6,35.1,30,760
"6566",34.4,26.4,39,32,637
"6567",30.3,17.4,37.9,24.1,610
"6569",36.7,29.5,48,28.9,630
"6570",43.8,35.9,51.1,39.9,628
"6571",43.2,39,54,30.9,725
"6572",29.5,26.6,30.9,28,696
"6573",27,19.5,37,19.9,671
"6574",36.4,32.9,41,32,648
"6576",29.5,25.7,32,27,655
"6577",30.8,23.5,41,25,752
"6578",37.9,28,50,32,769
"6579",39.8,32.4,53.1,30.9,792
"6580",40.2,32.3,46.9,37,664
"6581",45.6,39.8,55.4,39.9,676
"6582",42.8,35.2,54,37.9,701
"6583",23.8,10.4,39,19.4,631
"6584",19.4,8.2,25,15.1,686
"6585",26.7,18.2,30.9,21,784
"6586",30.3,24.3,30.9,30,673
"6587",30.3,24.1,32,28.4,573
"6588",26.2,20.4,30,21,635
"6589",26.4,22.2,28.9,24.1,696
"6590",32.4,25.2,35.1,28,700
"6591",31.5,24.7,36,28.9,653
"6592",31.5,24.2,35.1,30,668
"6593",27.6,23.9,30.9,25,521
"6594",14.8,5.8,26.1,8.1,493
"6595",10.9,-0.2,15.1,7,556
"6596",20.3,10,33.1,10.9,626
"6597",31.4,29.8,36,21.9,662
"6598",17.9,12.7,23,10.9,607
"6599",2.8,-5.6,17.1,-5.1,586
"6600",4.6,-3.6,12.9,-5.1,532
"6601",5.5,-2.1,12.9,-2,524
"6602",20.4,14.7,35.1,8.1,521
"6603",6.4,-1.8,18,-0.4,494
"6606",9.2,2.6,21,-2,774
"6607",26.6,22,41,14,722
"6608",41,39.9,46,36,596
"6609",47.3,45.1,51.1,39,736
"6610",30.8,25.1,39,27,653
"6611",34.5,32.7,37.9,30.9,636
"6612",35.9,34.6,46.4,30,670
"6613",11.5,1.6,28.9,5,642
"6614",13.5,3,26.1,7,756
"6615",24.9,16.4,28.9,21.9,638
"6616",29.6,25.8,32,27,626
"6617",31.6,29.8,33.1,28,665
"6618",20.6,14.2,28.4,12.9,643
"6619",36.8,28.5,46,25,742
"6620",23.7,14.8,44.1,10.9,741
"6621",22.2,12.1,30,17.1,677
"6622",26.7,20.4,28.9,25,618
"6623",26.8,21.9,30.9,23,590
"6624",24.1,14.9,33.1,14,612
"6625",31.6,26.7,37,28.9,635
"6626",31.9,21.2,35.6,27,696
"6627",30.4,20.4,37.9,23,712
"6628",35.6,30.1,39,33.1,647
"6629",36.3,31.5,48.9,23,547
"6630",15.6,-0.1,23,8.1,597
"6631",21.5,8.9,25,18,609
"6632",26.3,16.5,32,24.1,649
"6633",20.1,8.6,28,12.9,595
"6634",28.6,19.6,34,24.1,755
"6635",30.8,22,35.1,28,664
"6636",23.8,10.4,30,18,551
"6637",6.6,-6.9,18,-2,544
"6638",13.2,0,21.9,9,542
"6639",18.1,2.9,32,10,629
"6640",24.2,10.7,30.9,16,610
"6641",29.4,21.3,39,23,718
"6642",35,28.7,43,28.9,617
"6643",37.9,32.6,44.1,35.1,612
"6644",33.3,19,43,28,700
"6645",36.3,23.6,48.9,26.1,627
"6646",47.1,37.5,60.1,41,688
"6647",56.2,48.6,64,46,676
"6648",38.6,33.3,45,35.6,735
"6649",35.5,20.6,43,28.9,766
"6650",36,22.3,45,28.9,612
"6651",36.1,23.6,45,28,651
"6652",39.8,23.8,50,30,644
"6653",42.5,33.5,46.9,39.9,693
"6654",40.4,35.1,46,37,689
"6655",40.6,28.8,46.9,35.1,709
"6656",37.9,24.9,53.1,27,690
"6657",46,31.5,51.1,43,648
"6658",37.6,25.2,43,34,639
"6659",36.1,13.6,46,27,672
"6660",42.8,18.4,59,30.9,698
"6661",53.5,39.4,64.9,46,683
"6662",47.5,32.6,55,42.1,675
"6663",40.2,32.9,43,35.1,663
"6664",31.9,13.8,39.9,24.1,636
"6665",36.5,20.1,48.9,27,793
"6666",44.9,30.2,57,37.9,657
"6667",47,28.4,59,37,680
"6668",46.7,39.9,54,42.8,663
"6669",45,39.5,57,39.9,705
"6670",52.3,44.4,64.9,42.1,743
"6671",59.4,49.9,70,53.1,703
"6672",62.7,47.2,73.9,53.1,744
"6673",60.9,35.8,71.1,46.9,693
"6674",41.6,31.5,64,36,659
"6675",45.6,35.7,61,39,746
"6676",50.6,36.2,61,43,780
"6677",44.3,24.4,54,37,754
"6678",37.1,29.8,51.1,33.1,536
"6679",39.9,29.3,54,30.9,724
"6680",57.8,42.6,75,48.9,708
"6681",57.9,47.2,77,46.9,692
"6682",58.6,51.7,75,48,628
"6683",44.5,34.7,48.9,41,650
"6684",50.6,19.6,64.9,41,730
"6685",59.6,24.4,78.1,45,645
"6686",68.4,42.2,80.1,57.9,736
"6687",59.1,49,71.1,51.1,743
"6688",53.9,37.8,64.9,45,702
"6689",57.7,37.7,66,46.9,767
"6690",56.5,37.4,64.9,50,762
"6691",42.9,30.2,61,33.1,629
"6692",41.5,27.4,51.1,33.1,606
"6693",46.8,39.7,53.1,43,717
"6694",46.1,44,52,39.9,729
"6695",52.9,50.6,61,45,815
"6696",45.8,43.7,51.1,43,698
"6697",48.6,40.4,57,44.1,791
"6698",50.9,38.3,61,42.1,699
"6699",58.8,39.6,73.9,44.1,779
"6700",60.7,47.3,72,51.1,792
"6701",47.4,41.9,51.1,45,700
"6702",53.7,41.7,75.9,45,759
"6703",63.2,56.4,73,53.1,737
"6704",50.1,38.4,55.9,45,798
"6705",48.1,37.5,54,46,696
"6706",47.2,38,53.1,44.1,631
"6707",50.4,38.6,61,43,790
"6708",55.7,36.8,70,43,720
"6709",63.6,43.2,75,52,764
"6710",67,54.9,75.9,59,740
"6711",57.5,50.7,75,46,775
"6712",58,50,82.9,45,757
"6713",66.1,59.2,75,53.1,774
"6714",54.1,43.4,69.1,48.9,810
"6715",49.5,40.6,54,46,728
"6716",63.9,52.1,82,51.1,772
"6717",72.1,56.4,80.1,64.9,772
"6718",64.5,52.2,73.9,55.9,847
"6719",76.4,64.4,82.9,66.9,875
"6720",70.9,59.8,82,64,827
"6721",62.7,53.5,75.9,55,746
"6722",65.7,61,72,53.6,747
"6723",60,55.2,73.9,51.8,738
"6724",66.9,58.2,80.1,60.1,746
"6725",71.4,57.9,82.9,61,831
"6726",71.4,61.1,82,57.9,922
"6727",60.9,45.4,69.1,53.1,734
"6728",58.9,40,68,51.1,706
"6729",67,52.2,82.9,57.9,772
"6730",75.5,65,86,66.9,790
"6731",66.4,58.9,75.9,59,741
"6732",67.3,57.4,80.1,57,823
"6733",68.6,53.8,79,60.1,888
"6734",69.7,60.3,73.9,66,805
"6735",68.3,54.3,75.9,62.1,798
"6736",69.9,43.5,82,57.9,776
"6737",69.5,48.3,78.1,60.8,715
"6738",59,48,69.1,52,701
"6739",66,44.2,81,52,806
"6740",67.4,58.9,75.9,62.1,832
"6741",59.9,57.4,69.1,57,721
"6742",59.8,54.6,68,55.9,752
"6743",65.1,57.4,79,57,716
"6744",67.4,59,75.9,57.9,808
"6745",60.4,57.1,70,55.4,733
"6746",63,48.8,72,53.1,779
"6747",69.1,55.6,81,60.1,825
"6748",74.2,64.9,82,66,809
"6749",73.2,68.5,79,71.1,810
"6750",74,60.1,87.1,63,784
"6751",79.3,62.3,90,70,798
"6752",77.9,67,90,69.1,750
"6753",78.5,67,91,71.1,847
"6754",80.4,68,87.1,72,864
"6755",78.4,66.3,89.1,72,804
"6756",79.2,69.1,91,70,909
"6757",84.9,71.2,91.9,77,769
"6758",77.3,70.4,86,71.1,807
"6759",78.8,69.7,91,70,799
"6760",82.8,71.5,91.9,75.9,891
"6761",80.1,69.6,89.1,73,816
"6762",72,59.7,79,66.9,775
"6763",73.3,54,82.9,64.9,833
"6764",76.8,59.7,89.1,66.9,743
"6765",85,68,96.1,75.9,837
"6766",78.7,62.5,91.9,71.1,765
"6767",74.1,57.4,87.1,62.1,788
"6768",82.4,65.4,93.9,73,893
"6769",80.2,65.8,90,73,790
"6770",82.3,67,91.9,75,822
"6771",77.6,69.6,86,72,755
"6772",81.6,72.5,91,73.9,803
"6773",79.2,73.5,88,71.1,760
"6774",86.5,77.9,95,81,802
"6775",86,75.8,97,75.9,827
"6776",75.7,68.6,81,71.1,774
"6777",71.9,55.7,75.9,68,790
"6778",70.8,54.8,81,62.1,787
"6779",71.7,53.9,80.1,62.1,745
"6780",74.3,53.3,86,63,800
"6781",76.7,60.4,86,68,816
"6782",80.2,64.1,89.1,72,826
"6783",81.5,66.3,90,73,832
"6784",77.5,68.4,87.1,72,815
"6785",73.3,64.3,79,66.9,777
"6786",70.3,56.1,75.9,63,713
"6787",71,55.3,80.1,60.1,918
"6788",74.2,57.2,82,63,882
"6789",76.5,60.2,89.1,64,869
"6790",79.4,62.2,86,73,842
"6791",80.1,65.3,91,71.1,809
"6792",77.1,66,87.1,70,783
"6793",77.8,63.4,88,68,779
"6794",80.2,60.1,88,73,820
"6795",73.8,54.6,82.9,63,796
"6796",75,56.8,86,66.9,800
"6797",75.7,60.7,84,69.1,802
"6798",77.3,71.6,82.9,73.9,709
"6799",76.1,70.4,84.9,70,762
"6800",73.8,67.3,84,66,793
"6801",71.5,62.1,78.1,64.9,813
"6802",73.2,62.5,84.9,64.9,774
"6803",74.7,68,82,69.1,811
"6804",75.1,69.2,82.9,69.1,759
"6805",77.8,68.4,84.9,71.1,787
"6806",75.9,71.3,81,71.1,732
"6807",74,67.5,84,64.9,722
"6808",74.3,62.2,78.1,69.1,754
"6809",70.6,53.4,75,66,781
"6810",69.4,52.3,73.9,63,818
"6811",70,53.1,78.1,62.1,766
"6812",72.2,64.1,78.1,66,730
"6813",72.9,63.3,81,66,732
"6814",69.6,52.5,77,60.1,752
"6815",71.5,57.4,86,60.1,773
"6816",70.8,53.7,80.1,62.1,766
"6817",68.3,52.4,75.9,64,775
"6818",67.4,61,73,62.1,890
"6819",71.3,62.2,82.9,62.1,777
"6820",73.1,65.5,81,68,680
"6821",68.4,57,81,62.1,683
"6822",64.8,51.9,73.9,57,649
"6823",68.4,58.4,75,64.9,772
"6824",68.1,56.3,79,57,737
"6825",66.1,55.9,73,62.1,720
"6826",67.5,60.2,78.1,62.6,778
"6827",79.4,67.8,91,73,720
"6828",81.6,71.7,91,75,750
"6829",74.2,68.8,84.9,68,784
"6830",75.1,66.4,80.1,70,817
"6831",68.4,56.2,81,57.9,764
"6832",71.6,63.1,78.1,64,784
"6833",72.2,67.5,77,69.1,806
"6834",70.3,64.7,79,66,781
"6835",72.6,61.4,82.9,64,756
"6836",74.3,58,84.9,64,789
"6837",76,65.1,86,69.1,816
"6838",76.6,67.9,82.9,73,757
"6839",73.2,68,78.1,71.1,656
"6840",68.8,58.2,75,62.1,766
"6841",68.1,55.2,80.1,57.9,757
"6842",70.8,57,80.1,66,713
"6843",66.8,45.8,75,57,709
"6844",64.7,50.4,70,60.1,668
"6845",63.6,61.2,71.1,59,700
"6846",64.1,60.7,69.8,60.1,713
"6847",73.9,67.4,87.1,64.9,753
"6848",79.7,68.6,88,72,880
"6849",68.3,63,84.9,60.1,730
"6850",63.1,57.8,70,59,730
"6851",54.1,44.9,59,48,715
"6852",56,46,64.9,48.9,723
"6853",60.3,47.3,69.1,51.1,670
"6854",60.1,43.3,71.1,48,746
"6855",59.8,43,71.1,48,712
"6856",61.7,45,72,53.1,734
"6857",62.9,52.5,71.1,54,647
"6858",60,54.8,71.1,43,728
"6859",44.2,26.8,55,37,733
"6860",48.1,32.4,55.9,37.9,697
"6861",46.5,31.6,55,39,686
"6862",52.3,41.4,66,42.1,744
"6863",49.5,36.7,62.1,46,741
"6864",47,36.4,55.9,41,676
"6865",49.2,38.7,60.1,39,704
"6866",56.3,40.2,70,46,717
"6867",56.7,48.1,66,51.1,720
"6868",58.3,51.6,68,50,712
"6869",50.8,39.1,60.1,46.9,660
"6870",49.2,34.1,60.1,39.9,700
"6871",48.6,39.3,57.9,42.1,716
"6872",46.9,35.6,50,44.1,751
"6873",44.9,39.9,48.9,39,559
"6874",50.3,43,59,44.1,701
"6875",48.8,42.3,55.9,42.1,659
"6876",42.3,38,48,37,635
"6877",38.5,34,42.8,33.1,578
"6878",36,33.8,42.8,32,589
"6879",33.1,24.3,46,25,857
"6880",39.5,31.5,45,36,664
"6881",40.4,28.5,54,30.9,721
"6882",48.6,34.8,54,44.1,672
"6883",39.1,25.3,46.9,33.1,636
"6884",40.9,25.3,57.9,30.9,661
"6885",30.2,17.8,39.2,25,663
"6886",24.6,8,33.1,17.1,680
"6887",34.8,17.6,48,28,710
"6888",42.1,31.7,45,37.9,652
"6889",30.5,25.7,41,21.2,494
"6890",14.9,1.7,23,9,547
"6891",17.3,3.8,26.1,12,578
"6892",28.4,20.3,33.1,25,578
"6893",28.5,20.4,37.9,21.9,757
"6894",34.7,27.3,42.1,28.9,664
"6895",34.2,26.6,42.1,28.9,701
"6896",37.9,33.7,42.1,36,683
"6897",38.3,32.9,41,36,686
"6898",42.5,37.6,48.9,39,729
"6899",47.8,42,55.9,42.1,662
"6900",37.2,27.1,46.9,32,727
"6901",32.4,25.7,41,27,702
"6902",39.4,30.8,50,33.1,698
"6903",45.5,36.8,55,37.9,694
"6904",42.1,35.2,50,33.1,678
"6905",45.8,39.6,57,37,637
"6906",35.2,25.1,39,32,508
"6907",37.2,33.8,39.9,35.1,649
"6908",38.5,34.5,41,36,663
"6909",40.5,37.7,43,37,723
"6910",33.3,26.8,37.9,30.9,709
"6911",33.5,26.3,39.9,30,690
"6912",37.6,28.4,44.1,32,746
"6913",36.8,28,46,28,700
"6914",39.2,29.3,45,32,736
"6915",32,23.4,39,25,700
"6916",39.9,31.4,48.2,35.1,671
"6917",47.2,43.9,48.9,37.9,705
"6918",23.2,13.2,37.9,15.1,675
"6919",19.2,8.3,25,14,606
"6920",30.1,19.1,46,19.9,656
"6921",39.7,27.6,45,37,731
"6922",34.2,28,41,30,682
"6923",24.8,15.1,28.9,19.4,655
"6924",27.8,21.8,30.9,24.8,624
"6925",26.6,18.9,30.9,19.9,670
"6926",21.3,6.6,28.9,12.9,653
"6927",24.3,9.6,37,16,683
"6928",31.3,24.7,41,24.1,726
"6929",39,28.5,48.9,32,747
"6930",40.4,29.9,53.1,32,680
"6931",42.8,31.8,53.1,36,689
"6932",40.8,34.7,55,28,624
"6933",48.8,40,61,39.9,511
"6934",56.3,48.8,62.1,51.1,609
"6935",38.3,32.1,55,33.1,693
"6936",36,31.3,46,30,639
"6937",54.3,50.9,57.9,46,689
"6938",39,34,54,30,616
"6939",27.7,20.4,30.9,26.1,549
