"","day","temp","dewp","max","min","NUM_REPORTS"
"5115",5,28.4,17.4,36,17.1,154
"5116",6,34.3,28.9,37,19.9,166
"5117",7,30.6,27.5,37,16,149
"5118",1,4.5,-5.8,14,-0.9,127
"5122",5,10.3,0.7,19.9,-7.1,129
"5123",6,8,-1.7,21,0,153
"5124",7,27.7,16.7,34,21.9,169
"5125",1,26.3,19.8,34,19.9,127
"5126",2,19.3,10.8,30,17.1,140
"5127",3,13.5,6.3,23,5,133
"5128",4,23.5,15.9,36,5,137
"5129",5,29.3,23.2,36,17.1,158
"5130",6,36.8,28.6,44.1,21.9,198
"5131",7,38.7,30.6,44.1,30,187
"5132",1,34,28.6,43,27,158
"5133",2,36.6,32.2,43,27,186
"5134",3,34.2,30,39.9,33.1,171
"5135",4,32.2,23.8,36,30,170
"5136",5,31.7,24.3,34,30,199
"5137",6,35.1,27.7,45,30,174
"5138",7,34.1,30.2,37,28.4,178
"5139",1,25.9,18.1,37.9,21,157
"5140",2,29.3,22.5,33.1,21,148
"5141",3,28.7,18.5,36,24.1,141
"5142",4,36.1,26.1,39,24.1,169
"5143",5,29.7,13.3,39,23,160
"5144",6,30.3,20.6,39,23,170
"5145",7,31.8,28.6,39,23,138
"5146",1,18.1,11.5,33.1,10,124
"5147",2,16.7,10,27,8.1,135
"5148",3,25.4,19.8,30,8.1,153
"5149",4,11.4,0.2,30,3,148
"5150",5,20.2,10.6,32,3,158
"5151",6,33.6,27.1,43,15.1,167
"5152",7,38.5,34.5,44.1,25,160
"5153",1,29.3,24.6,42.1,27,133
"5154",2,28.4,19.1,33.1,25,148
"5155",3,32.6,24.3,37.9,25,142
"5156",4,18.3,4.6,37.9,10.9,153
"5157",5,14.5,3.9,25,7,139
"5158",6,21.1,8.7,28.9,7,159
"5159",7,7.3,-4.4,28.9,0,153
"5161",2,18.2,7.3,21.9,8.1,160
"5164",5,7,-5,19.9,-5.1,140
"5165",6,23.4,13.5,32,19,167
"5166",7,24.3,11.9,33.1,15.1,187
"5167",1,7.7,-9.3,30,0,142
"5168",2,13.9,2.1,30.9,0,155
"5169",3,24.1,9.9,32,6.1,158
"5171",5,10,-3.5,21.9,0,149
"5172",6,11,-1.6,23,0,152
"5173",7,22,15.9,27,19,181
"5174",1,23.8,12.4,34,16,152
"5175",2,30.7,22.9,37,16,161
"5176",3,26.6,14.8,37,19.9,166
"5177",4,15.2,-2.2,33.1,9,158
"5178",5,14.7,3.4,27,6.1,154
"5179",6,34.1,23.6,46,25,193
"5180",7,37.1,28.2,46,26.1,181
"5181",1,40,27.1,52,28,199
"5182",2,43.9,38.1,54,28,187
"5183",3,44.7,34.4,54,36,180
"5184",4,44.9,27.7,57.9,33.1,209
"5185",5,50.6,31.5,64.9,33.1,204
"5186",6,52.5,38.6,64.9,41,232
"5187",7,47.6,33.3,64,34,240
"5188",1,61.3,39,73.9,51.1,213
"5189",2,44.1,25.4,73.9,36,191
"5190",3,38.8,14.2,50,30,187
"5191",4,44.4,16.9,50,30,198
"5192",5,44,33.1,52,39,198
"5193",6,43,34.9,52,37.9,173
"5194",7,34.8,22.1,50,30.9,183
"5195",1,31.4,25.2,37,30,162
"5196",2,32.4,21.6,39,25,144
"5197",3,40.7,34.3,43,25,182
"5198",4,39.7,28.4,46,35.1,177
"5199",5,30.8,16.8,46,25,161
"5200",6,29.2,10.7,37,21,179
"5201",7,34.9,19.8,48.9,21,171
"5202",1,49.1,31,64,28,171
"5203",2,50.1,35.7,64,37,192
"5204",3,55.9,36.2,73.9,41,231
"5205",4,60.6,43.2,73.9,41,205
"5206",5,52,31.8,68,39,178
"5207",6,42.9,24.1,61,30.9,188
"5208",7,56.3,23.8,68,48,220
"5209",1,55,33.2,69.1,46.9,163
"5211",3,47.2,44.2,54,39.9,140
"5212",4,54.6,51.3,73.9,43,147
"5213",5,54.5,41.6,73.9,42.1,147
"5214",6,50.5,33.7,64.9,39,196
"5215",7,58.8,32.1,71.1,39,234
"5216",1,63.3,40.4,71.1,46.9,190
"5217",2,58.2,24.9,69.1,46,209
"5218",3,56,26.8,66.9,44.1,192
"5219",4,54.8,37.9,66.9,44.1,185
"5220",5,62.4,45.9,80.1,46.9,201
"5221",6,62.3,43.8,80.1,48.9,205
"5222",7,57.5,38.3,69.1,50,208
"5223",1,50.8,44.9,69.1,46.9,184
"5224",2,47.6,29.3,57.9,41,154
"5225",3,42.2,23.6,46.9,37,178
"5226",4,44.5,22.5,55.9,34,186
"5227",5,47.5,24,60.1,34,205
"5228",6,45.9,39.3,60.1,35.1,176
"5229",7,47.1,30.3,57,39,227
"5230",1,49.1,31.6,57,39,208
"5231",2,49.1,34.3,60.1,37.9,201
"5232",3,52.3,35.4,64,37.9,191
"5233",4,48,34.8,64,42.1,158
"5234",5,52.2,38,64.9,39.9,229
"5235",6,64.9,38.4,79,39.9,225
"5236",7,70.1,42.9,82,53.1,265
"5237",1,67.8,55,82,60.1,248
"5238",2,56.1,48.3,73.9,52,176
"5239",3,60.1,53.5,82,51.1,176
"5240",4,71.2,52.9,87.1,51.1,248
"5241",5,73.9,61.8,87.1,57,226
"5242",6,60.4,56.3,68,51.8,196
"5243",7,50.3,46.9,66.9,46.9,210
"5244",1,59.9,54.5,71.1,46.9,211
"5245",2,54.2,39.5,71.1,50,196
"5246",3,49.6,35.3,57.9,45,200
"5247",4,55.3,40.4,69.1,45,183
"5248",5,67.6,58.2,79,46,243
"5249",6,72.9,63.9,82,60.1,283
"5250",7,74.9,66.4,84,66.9,267
"5251",1,74.6,59.6,84,66.9,214
"5252",2,51.4,37.4,63,48,185
"5253",3,46.2,30.9,54,43,198
"5254",4,54.7,37.9,70,43,191
"5255",5,60.5,37.5,70,46.9,209
"5256",6,65.7,37.6,82.9,50,208
"5257",7,68.8,51.7,82.9,53.1,220
"5258",1,74.3,63.4,81,62.1,229
"5259",2,73.3,64.3,81,68,229
"5260",3,70.9,60.2,77,66.9,196
"5261",4,72,55.7,84,60.1,229
"5262",5,75.7,62.5,84,60.1,212
"5263",6,66,60.4,84,48.9,192
"5264",7,48.7,42.8,55.9,44.1,185
"5265",1,53.5,42.4,62.1,44.1,228
"5266",2,58,42.8,71.1,45,221
"5267",3,65.3,50.1,79,45,193
"5268",4,71,58,82,55,171
"5269",5,66.8,57.6,82,59,191
"5270",6,62.4,51.4,73,54,194
"5271",7,68.2,59.9,82.9,54,226
"5272",1,74.9,64.3,86,60.1,181
"5273",2,72,57.5,87.1,61,182
"5274",3,81.7,64.6,93.9,61,208
"5275",4,72.1,60.1,77,66,191
"5276",5,65.9,63.2,79,59,226
"5277",6,69.7,62.8,87.1,57.2,242
"5278",7,75.9,69.9,88,57.9,238
"5279",1,76.4,71.8,84.9,70,183
"5280",2,70.4,60.2,82.9,66,237
"5281",3,63.5,52.5,72,57.9,198
"5282",4,74.5,67.1,82,57.9,196
"5283",5,63.1,53.5,82,57,189
"5284",6,67.4,57.1,82,57,239
"5286",1,78.3,71.4,87.1,70,220
"5287",2,77.2,61.9,84.9,70,202
"5288",3,72.3,57.4,81,66,185
"5289",4,73.4,65.2,82.9,66,195
"5290",5,66.3,61.6,82.9,63,204
"5291",6,66.5,54,77,59,199
"5292",7,70,51.7,81,57.9,269
"5293",1,70.6,63,81,57.9,195
"5294",2,70.7,62.3,80.1,64.9,196
"5295",3,62.6,53.7,80.1,59,178
"5296",4,62.8,54,70,55.4,179
"5297",5,68,54,77,55.9,192
"5298",6,72.2,56.2,84,61,252
"5300",1,78.4,65.7,88,64.9,205
"5301",2,69,57.5,88,59,164
"5302",3,62.5,50.6,73.9,59,154
"5303",4,66.3,57.4,73.9,59,154
"5304",5,71.5,57,82,61,152
"5305",6,73.7,57.2,82,63,235
"5306",7,75,65.4,82.9,64.9,248
"5307",1,78,67.6,88,69.1,184
"5308",2,78,66.1,88,70,174
"5309",3,68.2,52.4,84,62.1,180
"5310",4,69.4,57.2,79,62.1,150
"5311",5,80,70.8,93,63,183
"5312",6,82.5,70.8,93,73.9,250
"5313",7,82.1,68.8,93,75.9,246
"5314",1,77.6,61.5,89.1,68,192
"5315",2,77.1,57.7,89.1,68,205
"5316",3,75.9,54.3,84,66.9,202
"5317",4,77.7,56,86,66.9,198
"5318",5,79.2,59.2,87.1,66.9,201
"5319",6,80.8,66.7,91.9,69.1,237
"5320",7,77.4,64.7,91.9,71.1,259
"5321",1,80.3,64.2,90,71.1,213
"5322",2,82.9,66.1,93.9,71.1,204
"5323",3,83.3,65.7,93.9,73.9,199
"5324",4,80,54.5,90,69.1,197
"5325",5,80.7,55.8,90,69.1,204
"5326",6,78.2,52.9,90,66,241
"5327",7,82.5,64.6,95,66,254
"5328",1,77.8,59,95,68,186
"5329",2,75,53.2,84,64,203
"5330",3,75.6,56.5,84,64,185
"5331",4,76.2,60,84,64.9,193
"5332",5,76.4,57.5,84.9,68,221
"5333",6,78.1,62,84.9,68,241
"5334",7,74.6,65.5,84.9,70,226
"5335",1,77.8,67.6,86,70,216
"5336",2,75,62.1,86,68,200
"5337",3,72.7,57.4,82,64.9,194
"5338",4,75.6,59.9,86,64.9,227
"5339",5,79.4,65.9,90,66.9,195
"5340",6,78,67.2,90,70,233
"5342",1,81.2,67.3,91,72,190
"5343",2,75.8,66.7,90,70,182
"5344",3,73.9,62.6,81,69.8,189
"5345",4,67.2,52,75,60.8,167
"5346",5,71.7,53.3,84,60.1,197
"5347",6,75.3,55.5,84,60.1,243
"5348",7,74.1,58.9,82.9,66,245
"5349",1,67.4,48.8,79,57,171
"5350",2,65.4,47.6,75.9,57,171
"5351",3,64.2,52,73,59,154
"5352",4,65.5,52.8,75,55.9,152
"5353",5,68.8,57.3,75.9,55.9,170
"5354",6,70.8,62.3,75.9,62.1,222
"5355",7,71,63.9,78.1,66,217
"5356",1,74.8,65.4,87.1,64.9,178
"5357",2,80.8,69.8,89.1,64.9,216
"5358",3,82.2,69,91.9,73,179
"5359",4,83.9,67.6,93,73,216
"5360",5,76.9,66.9,93,72,183
"5361",6,76.9,66.5,87.1,72,220
"5362",7,82.8,65.7,93.9,73,257
"5363",1,83.6,66.9,93.9,73.9,236
"5364",2,80,69.1,90,73.9,165
"5365",3,72.4,61.2,88,68,164
"5366",4,66.6,56.2,78.1,59,155
"5367",5,63.4,56,77,59,153
"5368",6,59.2,46,69.1,54,208
"5369",7,60.3,44,71.1,50,224
"5370",1,67.4,47.9,82.9,50,202
"5371",2,73.7,52,84,55.9,177
"5372",3,73.5,51.3,84,61,192
"5373",4,75,58,87.1,61,195
"5374",5,74.2,66.4,87.1,66,177
"5375",6,66.8,56.8,79,59,218
"5376",7,62.4,48.6,72,53.1,253
"5377",1,64.5,48.8,73,53.1,208
"5378",2,67.8,50.7,81,55.9,194
"5379",3,70.6,51,81,57,204
"5380",4,69.7,55.7,80.1,61,183
"5381",5,69.6,57.8,78.1,62.1,208
"5382",6,69.2,57.5,75.9,61,231
"5383",7,70.1,58.7,75.9,61,239
"5384",1,72.4,62.9,81,66.9,190
"5385",2,67.6,58.6,81,60.1,153
"5386",3,59.2,44.2,72,55.9,134
"5387",4,57.4,41.3,63,54,164
"5388",5,56.6,40,62.1,53.1,173
"5389",6,52.9,39.1,59,50,152
"5390",7,53.4,46.3,60.1,48.9,174
"5391",1,58.4,53.2,61,51.1,175
"5392",2,60.8,54.1,68,57,174
"5393",3,62.3,53.8,73,55.9,188
"5394",4,64.5,52.1,79,55,196
"5395",5,62,50.4,79,55,171
"5396",6,55.6,42.6,66.9,45,175
"5397",7,63.3,45.4,80.1,45,242
"5398",1,68.2,47.1,80.1,53.1,193
"5399",2,57.5,40.5,77,51.1,194
"5400",3,54.4,38.7,64.9,45,171
"5401",4,57.3,35.1,71.1,45,169
"5402",5,51.1,28.9,71.1,44.1,165
"5403",6,44.8,21.5,55.9,36,184
"5404",7,46.8,26.9,61,35.1,202
"5405",1,57.7,29,73.9,35.1,183
"5406",2,65,36.3,77,46.9,169
"5407",3,66.2,49.5,77,55,188
"5408",4,61.2,48.1,77,55.9,180
"5409",5,57.4,43.2,64,54,178
"5410",6,63.8,56.7,68,54,217
"5411",7,52.8,38.1,68,42.1,212
"5412",1,52.2,37.6,63,42.1,187
"5413",2,54.7,41.5,62.1,42.1,157
"5414",3,53.8,49.5,57.9,46,147
"5415",4,42.2,31.5,57.9,37.9,153
"5416",5,46.9,35.8,57,37,159
"5417",6,48.8,41,57,37,193
"5418",7,54.7,42.9,64.9,46,257
"5419",1,60.3,43.2,73.9,46,204
"5420",2,61,49,73.9,50,194
"5421",3,60.3,53.5,73,50,186
"5422",4,65.6,56.2,73,50,187
"5423",5,55.8,46.9,71.1,46,165
"5424",6,46.4,33.8,66.9,37.9,174
"5425",7,44,26.4,55,34,189
"5426",1,46.1,28,55.9,34,156
"5427",2,48.9,33.4,57.9,35.1,169
"5428",3,51.7,35.6,64,37.9,142
"5430",5,43.3,26.1,57.9,37,147
"5431",6,42.3,25.6,57.9,30.9,164
"5432",7,54.1,32.6,66,30.9,182
"5433",1,53.1,33.8,66,44.1,165
"5434",2,53.1,47.2,60.1,48,148
"5435",3,60.1,49.2,63,48.9,160
"5436",4,46,29.7,63,41,139
"5437",5,38.2,16.1,50,33.1,156
"5438",6,33.6,30.1,43,28.9,144
"5439",7,21.4,13.2,35.1,12.9,140
"5440",1,31,21.6,39,12.9,158
"5441",2,34.7,27.1,45,26.1,138
"5442",3,44.7,32.2,53.1,26.1,138
"5443",4,55,46,62.6,50,185
"5444",5,47.6,42.1,62.1,37.9,136
"5445",6,39,29.3,39.9,37,171
"5446",7,36.8,27.7,43,30,158
"5447",1,42.1,29.7,46,30,138
"5448",2,43.5,35.8,46,39,162
"5449",3,36.5,30.1,45,33.1,154
"5450",4,34.2,26.9,39,30.9,165
"5451",5,38.3,31.5,48,30.9,156
"5452",6,36.3,30.8,48,30,194
"5453",7,38.7,31.2,48,30,170
"5454",1,37.2,33.2,48,32,154
"5455",2,41.9,36.1,46.9,33.1,158
"5456",3,48.2,39.8,54,43,153
"5457",4,50,37.8,60.1,43,163
"5458",5,49.1,34.3,60.1,43,170
"5459",6,55.3,49.8,60.1,44.1,205
"5460",7,59.7,55.1,64,51.1,188
"5461",1,56.5,50,64,46.9,173
"5462",2,43.2,35.3,46.9,41,162
"5463",3,45.1,37.6,55,42.1,154
"5464",4,34.9,22.9,55,30.9,141
"5465",5,29.8,16.5,36,26.1,156
"5466",6,25.3,12.1,33.1,17.1,162
"5467",7,37.8,22.2,51.1,17.1,179
"5468",1,47.8,39.3,54,28,151
"5469",2,41.6,37,54,37,149
"5470",3,50.6,46.1,61,37,145
"5471",4,43.2,33.3,57.9,35.6,183
"5472",5,41.2,32.6,46,36,173
"5473",6,41.6,34.5,46,36,182
"5474",7,41.2,35.4,45,36,166
"5475",1,35.4,27.7,43,32,121
"5476",2,35.5,30.3,42.1,32,135
"5477",3,30.3,22.9,41,28,169
"5478",4,28.5,20.4,28.9,28,145
"5480",6,28.6,19.2,33.1,21.9,139
"5481",7,28.8,18.7,33.1,24.1,164
"5482",1,28.5,17.3,32,25,146
"5483",2,27.5,16.9,34,21,154
"5484",3,31.1,20.3,39,25,145
"5485",4,38.6,24.3,43,36,163
"5486",5,41.9,34.6,45,39,166
"5487",6,40.5,37.2,46.4,33.1,176
"5488",7,20.6,13.1,34,8.1,159
"5489",1,8.3,-0.8,21.9,1.9,128
"5491",3,9,-0.1,24.1,1.9,139
"5492",4,33.9,24.8,45,23,187
"5493",5,41.1,34.5,45,34,190
"5494",6,30.4,20.3,34,27,169
"5495",7,9.6,-3.8,25,3.2,170
"5497",2,8.1,-5.3,18,1.9,129
"5498",3,18.8,8.5,25,12.9,148
"5499",4,21.3,12.6,32,16,140
"5500",5,27.3,18.6,32,21,150
"5501",6,30,19,35.6,25,178
"5502",7,29.1,18.3,37,24.1,173
"5503",1,34.3,25.4,41,28.9,192
"5504",2,33.5,27,43,28.9,146
"5505",3,29.1,16.6,34,26.1,159
"5506",4,35.7,26,41,33.1,155
"5507",5,30.5,14.5,36,24.1,157
"5508",6,39.9,29,48.9,34,207
"5509",7,44.6,39.2,48.9,39.9,204
"5510",1,37.1,30.2,46.9,30.9,178
"5511",2,37.1,31.5,42.1,35.1,139
"5512",3,37.3,33.6,39.9,33.1,159
"5513",4,28.1,16.6,33.1,21,178
"5514",5,30.5,20.7,34,27,157
"5515",6,32.3,22.4,42.1,26.1,183
"5516",7,39.8,28.6,46,34,173
"5517",1,32.4,23.4,43,28,139
"5518",2,20.4,11.8,28,17.1,144
"5519",3,15.2,2.4,19,10.9,139
"5520",4,15.4,-0.8,24.1,9,139
"5521",5,21,5.2,25,18,135
"5522",6,11.5,-9,19,3.9,149
"5523",7,15.8,1.9,19,12.9,160
"5524",1,22.5,17.7,28.9,17.1,148
"5525",2,29.2,22.3,37,26.1,167
"5526",3,30.8,20.9,36,27,183
"5527",4,32.5,21.3,42.1,26.1,159
"5528",5,50.2,34.6,64.9,39.9,163
"5529",6,51.2,30.9,60.1,42.1,218
"5530",7,41.5,30.9,53.1,36,229
"5531",1,36.7,25.5,45,28,171
"5532",2,37.9,24.6,46,30.9,171
"5533",3,36.4,26.2,39.9,32,150
"5534",4,34.4,23.8,37.9,32,163
"5535",5,32.7,15.3,35.1,28,199
"5536",6,38.1,24.4,55,28,187
"5537",7,52.2,36.5,64,44.1,191
"5538",1,42.1,28.9,60.1,34,175
"5539",2,29.8,22.8,36,24.1,165
"5540",3,23.2,6.8,33.1,14,153
"5541",4,31.2,23.5,33.1,28.9,142
"5542",5,31.9,19.4,39,23,163
"5543",6,34.6,27.1,39.9,28.9,192
"5544",7,40.8,29.1,53.1,35.1,191
"5545",1,52.6,38.9,62.1,46.9,204
"5546",2,63.2,48,73,57.9,202
"5547",3,62.1,53.8,69.1,59,221
"5548",4,50.1,40.1,60.1,45,169
"5549",5,44.1,33,53.1,37,190
"5550",6,46.1,37.3,60.1,37.9,237
"5551",7,48,43.5,51.1,46,194
"5552",1,46.3,43.6,54,43,177
"5553",2,52.1,45.1,64,46.9,193
"5554",3,54.7,40.6,61,48.9,212
"5555",4,50,27.3,57.9,43,196
"5556",5,42.9,26.6,53.1,35.1,201
"5557",6,39.5,29.6,46.9,36,188
"5558",7,38.8,25.5,45,33.1,213
"5559",1,40.1,22.9,50,32,191
"5560",2,52.1,30.6,66.9,45,222
"5561",3,45.7,35.9,63,39.9,188
"5562",4,38.7,36.8,43,34,182
"5563",5,35.8,25.6,45,30.9,174
"5564",6,42.7,31.7,55,35.1,215
"5565",7,50.2,37.9,66,42.1,209
"5566",1,46.2,36,53.1,44.1,210
"5567",2,45.9,30.4,60.1,35.1,203
"5568",3,51.4,34.1,62.1,46,210
"5569",4,60.9,54,70,55,248
"5570",5,45.1,36.9,55,39.9,194
"5571",6,36.8,23.8,43,32,168
"5572",7,43.1,20.7,72,28.9,216
"5574",2,36.1,17.5,46.9,28.9,158
"5575",3,46.3,36,50,43,187
"5576",4,41.3,33.4,46.9,35.1,183
"5577",5,38.9,26.7,44.1,35.1,136
"5578",6,31.1,14.1,37.9,24.1,180
"5579",7,39.1,26.7,48.9,33.1,187
"5580",1,49.3,37.6,52,46,168
"5581",2,41.4,21,50,33.1,167
"5582",3,44.7,26.6,57,37,211
"5583",4,50.2,27.3,61,39.9,181
"5584",5,55.2,32.5,69.1,45,177
"5585",6,61,38.1,77,48,232
"5586",7,64.7,38.7,80.1,51.1,224
"5587",1,68.2,38.1,82.9,53.1,190
"5588",2,55.9,40,73,48,202
"5589",3,61.5,40.7,73,54,167
"5590",4,62.8,52.1,71.1,57.9,189
"5591",5,52.2,43.1,60.1,44.1,179
"5592",6,49.4,37.7,60.1,42.1,211
"5593",7,59.6,42.6,80.1,46,245
"5594",1,72.6,51.2,84,62.1,227
"5595",2,54.5,44.6,81,44.1,176
"5596",3,46.4,39,50,43,185
"5597",4,47.7,41.4,51.1,44.1,190
"5598",5,46.7,39.7,51.1,44.1,210
"5599",6,46.6,40.1,50,45,170
"5600",7,46.9,43.7,51.1,44.1,218
"5601",1,49.8,38.8,57.9,44.1,192
"5602",2,55,35,68,42.1,198
"5603",3,52.2,39,64.9,46,192
"5604",4,49.5,35.9,61,42.1,166
"5605",5,61.6,40.6,82.9,46,221
"5606",6,65.1,40.7,82,54,231
"5607",7,57.2,30.7,69.1,45,253
"5608",1,57.2,44.3,66,52,208
"5609",2,57.4,54.1,71.1,51.1,192
"5610",3,60.4,56.8,69.1,55,199
"5611",4,63.4,55.8,71.1,55.9,194
"5612",5,59.3,43.5,66.9,50,209
"5613",6,47.7,35.4,62.1,43,188
"5614",7,47.3,26.9,57,37.9,233
"5615",1,57.1,33.8,71.1,46.9,213
"5616",2,55.4,41.3,66,50,170
"5617",3,54.2,36.6,66,45,216
"5618",4,57.5,32,69.1,44.1,192
"5619",5,60.8,37.5,68,53.1,201
"5620",6,64.5,34.8,75.9,55.9,220
"5621",7,67.2,40.7,78.1,54,244
"5622",1,68.5,39.9,84,54,211
"5623",2,75.7,45.2,89.1,64,236
"5624",3,77.9,58.8,89.1,66.2,228
"5625",4,73.2,63.2,84.9,64.9,234
"5626",5,76.1,64,84,69.1,209
"5627",6,75.1,64.2,82.9,70,229
"5628",7,74.9,59,82,64.9,265
"5629",1,75.9,57.2,87.1,64.9,282
"5630",2,73.4,56.9,84,66,206
"5631",3,69.9,61.7,81,64.9,217
"5632",4,72.6,53.2,80.1,62.1,229
"5633",5,72.7,52.1,84,63,243
"5634",6,72.1,57,81,66.9,261
"5635",7,70.5,57.4,81,63,234
"5636",1,73,53.1,84,62.1,220
"5637",2,64,48,77,57.9,201
"5638",3,61.5,48,70,54,183
"5639",4,63.9,50.8,73,57.9,194
"5640",5,77.2,62.2,93.9,64.9,199
"5641",6,85.2,62.4,93,75,248
"5642",7,72.8,49.3,91,64.9,259
"5643",1,71.1,48.3,88,60.1,228
"5644",2,77.2,58.5,88,69.1,238
"5645",3,80.6,67.6,91.9,69.1,218
"5646",4,75.2,62,90,66.9,219
"5647",5,72.5,54.2,86,63,235
"5648",6,76.3,50.8,88,64,230
"5650",1,84.6,66.8,91.9,79,267
"5651",2,77.1,51.2,91,66,245
"5652",3,73.3,59.2,82.9,68,219
"5653",4,72.3,65.8,80.1,69.1,223
"5654",5,73.3,57.9,82,66.9,217
"5655",6,79.5,61.5,91,71.1,226
"5656",7,82.8,67.8,90,75,257
"5657",1,81.9,59.9,91,73,213
"5658",2,69.3,52.9,78.1,64,198
"5659",3,67.9,48.9,78.1,57,210
"5660",4,72.3,48.1,79,64,203
"5661",5,69.6,55.6,77,64.9,214
"5662",6,67.9,45.9,77,59,221
"5663",7,70.4,52,78.1,62.1,230
"5664",1,71.9,59.8,81,66,285
"5665",2,77.2,64.5,88,69.1,289
"5666",3,79.1,66.8,89.1,68,201
"5667",4,78.4,68.5,84,72,187
"5668",5,78.6,66.6,88,69.8,206
"5669",6,74.5,58,84,66.9,230
"5670",7,74.2,56.6,84,64,229
"5671",1,81.3,64.9,91.9,73,192
"5672",2,82.9,69,90,75.9,196
"5673",3,79.1,68.3,87.1,73,174
"5674",4,76.5,64.8,88,69.1,159
"5675",5,72.6,58.3,84,66.9,200
"5676",6,69.3,55.7,77,62.1,213
"5677",7,73.9,59.3,86,66.9,225
"5678",1,78.8,67.5,87.1,70,187
"5679",2,79.6,63.8,88,70,186
"5680",3,80.7,66.8,89.1,73.9,210
"5681",4,82.5,72.8,90,75.9,182
"5682",5,81.1,70.9,91,73.9,203
"5683",6,86,74.3,91.9,79,228
"5684",7,80.4,72.5,93,71.6,252
"5685",1,79.6,65.3,87.1,73.9,204
"5686",2,80.9,62.9,87.1,73,215
"5687",3,81.5,63.3,90,71.1,197
"5688",4,78.8,66.9,84,72,189
"5689",5,75.3,69.1,82,70,185
"5690",6,74.2,65.5,79,71.1,250
"5691",7,74.4,64.2,82,66.9,222
"5692",1,76.5,65.5,82.9,70,201
"5693",2,79.2,65.4,88,73,217
"5694",3,81.8,65.7,90,73.9,178
"5695",4,83.5,65.3,91.9,75,219
"5696",5,80.1,67.7,89.1,75,218
"5697",6,76.6,61,82.9,66.9,263
"5698",7,75.6,58.4,84,66,242
"5699",1,78.6,61.5,84.9,73.9,191
"5700",2,79.9,60.7,90,71.1,196
"5701",3,83.1,65.2,91,73.9,189
"5702",4,84.6,69.6,93.9,77,216
"5703",5,81.5,73.6,88,75,154
"5704",6,78.4,71.9,84.9,75,217
"5705",7,78.4,64.4,84.9,69.1,261
"5706",1,75.5,67.2,82.9,72,206
"5707",2,76.4,68.5,84,71.6,193
"5708",3,79.1,65.9,88,71.1,213
"5709",4,79.1,69,86,72,192
"5710",5,76.6,65.6,84.9,71.1,197
"5711",6,75.8,68.1,82.4,71.1,249
"5712",7,68.5,54.9,77,61,253
"5713",1,69.6,52,79,59,167
"5714",2,73.6,58,82,64.9,197
"5715",3,76.9,66.4,84.9,71.6,181
"5716",4,77.9,69.1,84.9,73,176
"5717",5,74.2,62.3,81,68,188
"5718",6,75.9,67.5,86,70,246
"5719",7,78.5,69.8,82.9,73.9,264
"5720",1,78.4,68.9,90,73,244
"5721",2,78.9,70.7,84.9,73.9,176
"5722",3,74.6,62.7,80.1,71.1,192
"5723",4,70.2,56.3,73.9,64.9,220
"5724",5,69.8,55.5,75,64,193
"5725",6,70.2,55.4,77,61,201
"5726",7,72.2,57.1,81,63,225
"5727",1,77.6,63,90,66.9,246
"5728",2,83.8,71.8,93,75.9,180
"5729",3,85.1,71.6,93,78.1,208
"5730",4,77.3,70.3,88,72,189
"5731",5,75.2,66.7,81,69.1,213
"5732",6,70.3,60.5,73,66.2,205
"5733",7,66.8,50.9,75.9,55.9,210
"5734",1,70.7,51.7,81,61,204
"5735",2,74.4,58.4,87.1,64.9,205
"5736",3,71.6,58.7,78.1,66.9,194
"5737",4,70.8,57.5,78.1,64,210
"5738",5,74.1,60.3,84,66,195
"5739",6,74.8,62.9,82.9,68,245
"5740",7,72,54.6,82,63,248
"5741",1,74.9,55,89.1,63,178
"5742",2,77.3,55.2,84.9,71.1,190
"5743",3,73.1,62.1,78.1,68,192
"5744",4,75,62.4,84.9,68,211
"5745",5,74,65.5,84,71.1,210
"5746",6,70.8,62.7,75.9,66.9,254
"5747",7,74,62,86,64.9,250
"5748",1,67.8,46.2,82,60.1,174
"5749",2,62.4,34.6,72,53.1,191
"5750",3,57.3,45.9,66,52,151
"5751",4,62.7,56,66.9,55.4,167
"5752",5,63.3,58.2,66,61,183
"5753",6,62.1,57.4,64.9,59,197
"5754",7,61.9,56.7,66.9,57.9,225
"5755",1,63.7,55.8,66.9,61,184
"5756",2,66.7,56.1,75,61,178
"5757",3,72.2,57.4,82,64.9,194
"5758",4,67.8,60.6,75,61,175
"5759",5,67,56.7,73,57.9,209
"5760",6,54.1,37.6,66,44.1,202
"5761",7,56.7,44.8,63,50,203
"5762",1,59.8,44.9,73,50,177
"5763",2,66.5,48.3,75.9,60.1,165
"5764",3,63.8,53.4,72,52,168
"5765",4,49.6,37,57.9,41,179
"5766",5,53.9,40.3,68,43,197
"5767",6,61.4,53,71.1,54,234
"5768",7,69.4,62.5,72,64.9,258
"5769",1,73.6,63.9,84.9,68,214
"5770",2,74.3,59.7,82,64.9,224
"5771",3,62.3,48,72,53.1,186
"5772",4,57,47.1,64,53.1,188
"5773",5,49.5,33.8,55,44.1,188
"5774",6,48,32.2,61,37.9,195
"5775",7,58,44.3,73,46.9,229
"5776",1,54.3,40.9,66.9,46.9,188
"5777",2,48.5,36.3,53.1,42.1,167
"5778",3,48.3,41.4,51.1,46,168
"5779",4,49,42.1,52,46,172
"5780",5,51.6,43.8,64.9,43,184
"5781",6,67.1,57.8,73,63,244
"5782",7,56.2,48.5,63,50,259
"5783",1,50.4,40.8,59,44.1,210
"5784",2,67.1,55.2,77,57.9,221
"5785",3,64.6,56.8,73,60.1,198
"5786",4,57.8,50.9,66,52,262
"5787",5,54.9,42.9,63,46,188
"5788",6,56.1,44,69.1,46.9,234
"5789",7,58.3,46,70,48,229
"5790",1,57.6,42.5,66.9,48,167
"5791",2,57.1,45.3,64,54,172
"5792",3,51.5,35.6,57.9,43,163
"5793",4,51.3,33.3,64,44.1,162
"5794",5,51.4,36.1,57.9,46.9,161
"5795",6,45.3,31.1,52,36,210
"5796",7,45.7,29.8,57,37,171
"5797",1,49,34.9,61,41,171
"5798",2,48.2,42,57,39,164
"5799",3,49.6,42.1,61,41,191
"5800",4,58.2,45.4,73.9,48.9,184
"5801",5,62.8,48.2,68,48.9,170
"5802",6,38.9,23.5,48.9,35.1,172
"5803",7,30.6,15.4,36,25,178
"5804",1,32,17.5,43,24.1,135
"5805",2,35.5,24.7,39.9,30,148
"5806",3,40.7,34.4,44.6,37.4,140
"5807",4,41.3,35.5,46,37,177
"5808",5,39,31.7,42.1,36,154
"5809",6,40,31.8,48,33.1,168
"5810",7,39.4,34.4,44.1,35.1,192
"5811",1,46.3,40.2,52,42.1,143
"5812",2,51.5,43.5,57.9,45,157
"5813",3,42.1,34,55,36,185
"5814",4,38.9,30.4,42.1,37,157
"5815",5,38.6,30.1,41,36,188
"5816",6,34.5,22.1,37.9,32,170
"5817",7,33,26,35.1,30.9,176
"5818",1,33.4,29.7,34,30,156
"5819",2,34.2,29.7,39.9,28.9,154
"5820",3,28.1,17.7,33.1,26.1,160
"5821",4,22.3,11.8,26.6,18,136
"5822",5,23.8,13.8,26.1,21,151
"5823",6,22,12.2,25,19.9,146
"5824",7,27.6,22.4,34,23,149
"5825",1,27,21.1,35.1,16,128
"5826",2,18.4,8.3,25,12,123
"5827",3,11.7,-0.6,21,3.9,135
"5828",4,5.8,-7.2,12.9,1,122
"5829",5,14.4,2.6,21,7,157
"5830",6,23.1,17.2,26.6,19.4,144
"5831",7,13.4,4.3,21.9,1.9,179
"5832",1,2.2,-8.8,14,-6,157
"5833",2,21,7.3,30,14,140
"5834",3,28.1,18.3,37,21.9,160
"5835",4,35.6,25.2,39,30,160
"5836",5,32.2,25.4,37.9,27,162
"5837",6,35.8,31.2,37,35.1,153
"5838",7,34.2,30,36,33.1,165
"5839",1,47.4,40.7,55,35.1,183
"5840",2,29.9,18.2,42.1,26.1,158
"5841",3,32.7,22.7,44.1,24.1,139
"5842",4,35,24.6,41,30.9,147
"5843",5,30.9,16.6,35.1,25,155
"5844",6,37.4,20.7,43,32,194
"5846",1,36.1,28.6,39.9,30.9,145
"5847",2,40.3,37.2,42.8,37,170
"5848",3,19.1,7.3,37,10.9,130
"5849",4,10.9,-1.9,16,8.1,129
"5850",5,5.9,-7.2,10.9,1,128
"5851",6,8.3,-5.4,19,1.9,167
"5852",7,10.9,-5,19.9,3.9,166
"5853",1,23.1,10.7,30,16,132
"5854",2,39.8,31.3,52,28,159
"5855",3,33.9,27.1,45,27,160
"5856",4,28.4,24.4,41,23,138
"5857",5,22.9,11.1,28.9,18,164
"5858",6,30.1,18.4,35.1,28,173
"5859",7,28.1,18.5,35.1,21.9,165
"5860",1,34.3,29,37,32,172
"5861",2,36.7,36,39.9,35.1,147
"5862",3,33.6,32,36,32,149
"5863",4,35.6,32.5,42.1,32,156
"5864",5,38.7,37.5,42.8,37,173
"5865",6,49.6,44.7,60.1,41,195
"5866",7,43.9,39.6,51.1,39.2,195
"5867",1,40.7,34.4,43,39,182
"5868",2,38.4,31.8,43,37,161
"5869",3,38.9,33.5,44.6,36,172
"5870",4,34.3,28.8,37.9,32,157
"5871",5,29,19.5,33.1,26.1,166
"5872",6,27.7,19.5,30,26.1,175
"5873",7,27.6,15.5,30,25,146
"5874",1,24.1,8.8,32,17.1,176
"5875",2,38.2,28.1,43,32,155
"5876",3,35.9,24.2,39,32,186
"5877",4,22,5.8,33.1,15.1,146
"5878",5,20.7,2.3,28.9,15.1,133
"5879",6,24.1,5.3,34,16,162
"5880",7,34,16.6,41,28.9,195
"5881",1,37.3,28,55,27,185
"5882",2,46,43.7,53.6,42.1,170
"5883",3,32.2,23.4,44.1,28,163
"5884",4,20.2,3,28,14,143
"5885",5,26.7,13.6,41,18,185
"5886",6,42.7,33,52,37.9,157
"5887",7,41.3,26.9,48.9,37,209
"5888",1,36.1,18.9,45,27,165
"5889",2,41.4,25.6,51.1,34,194
"5890",3,34.4,15.2,46,28,169
"5891",4,35.1,12.5,42.1,30.9,153
"5892",5,46.4,28.9,66.9,32,179
"5893",6,56.9,34.7,70,45,202
"5894",7,51.4,33,66.9,37.9,202
"5895",1,55.1,40.8,69.1,46,187
"5896",2,59.7,49.4,64.9,54,176
"5897",3,57.9,52.1,66.9,52,197
"5898",4,51.6,44,64.9,37.9,158
"5899",5,40.8,37.6,44.1,37.9,172
"5900",6,30.4,21,44.1,23,155
"5901",7,33.1,16,48.9,24.1,161
"5902",1,42.8,27.3,54,33.1,171
"5903",2,52,44.8,59,46.9,161
"5904",3,47.3,43.5,59,32,158
"5905",4,32.4,20.3,36,28.9,156
"5906",5,27.8,6.1,33.1,21,162
"5907",6,33.7,21.5,42.1,28.4,170
"5908",7,42.4,28.6,61,33.1,176
"5909",1,54.6,46.5,60.8,52,183
"5910",2,54.5,39.4,64,44.1,187
"5911",3,46.3,19,52,41,184
"5912",4,39.3,18.5,50,34,169
"5913",5,31.8,6.4,37,27,157
"5914",6,24,-4.8,30,18,191
"5915",7,27.1,1,36,19.9,154
"5916",1,29,21.8,33.1,26.1,156
"5917",2,26.6,19.3,30.9,21.2,128
"5918",3,24.1,7.7,33.1,17.1,157
"5919",4,29.8,11.9,42.1,19,165
"5920",5,39,31.1,48.9,35.1,171
"5921",6,42.4,31.8,50,39,187
"5922",7,41.5,30.6,53.1,30.9,195
"5923",1,47.9,39.4,54,43,186
"5924",2,43.3,29.8,55,35.1,175
"5925",3,32.3,19.1,37.9,28.9,182
"5926",4,37.8,21.5,51.1,30.9,178
"5927",5,59.9,40.9,82,46.9,214
"5928",6,43.7,41.3,48,39.2,193
"5929",7,53.1,50.2,62.1,45,216
"5930",1,50,47.7,55.9,44.1,196
"5931",2,43.1,36.9,46.9,39.9,181
"5932",3,42.3,36,48.9,36,171
"5933",4,44.1,41.1,46.9,41,168
"5934",5,39.6,36.9,45,37,186
"5935",6,44.2,27.9,55.9,33.1,186
"5936",7,50.3,27.7,60.1,42.1,211
"5937",1,49.3,42.3,53.1,46.9,172
"5938",2,48.6,44.2,55.9,46,199
"5939",3,44.9,40.2,51.1,41,169
"5940",4,42.9,34.3,52,37.9,176
"5941",5,43.8,21.9,54,37,156
"5942",6,51.2,27.3,66.9,39.9,198
"5943",7,64.8,44.4,77,57,252
"5944",1,68,54.3,78.1,57.9,171
"5945",2,47.7,41.4,55,42.1,165
"5946",3,48.2,36.3,57,39,186
"5947",4,50.9,36.5,62.1,45,164
"5948",5,55.4,43.1,69.1,46,202
"5949",6,70.3,56.2,82,62.1,245
"5950",7,67.8,53,79,60.1,237
"5951",1,59.7,35.9,69.1,48.9,216
"5952",2,58.1,40.2,77,44.1,202
"5953",3,64.5,54,75.9,51.1,185
"5954",4,58.4,49.5,75,46,178
"5955",5,50.6,36.1,59,45,187
"5956",6,50.3,31.3,57.9,44.1,212
"5957",7,54.9,29.2,69.1,39,214
"5958",1,57.7,35.4,72,42.1,213
"5959",2,66.4,45.7,80.1,57,191
"5960",3,71.3,55.3,78.1,66,238
"5961",4,54.6,49,71.1,45,195
"5962",5,49.6,40.9,59,42.1,231
"5963",6,45.6,39.6,53.1,41,154
"5964",7,45.2,44.2,46.9,42.8,183
"5965",1,51.7,46.7,57.9,45,195
"5966",2,46.1,39.2,51.1,42.1,185
"5967",3,48.1,34.3,55.9,37.9,199
"5968",4,48.9,37,52,46.9,205
"5969",5,49,38.3,57.9,43,219
"5970",6,50.5,36.3,57,45,205
"5971",7,48,26.1,57.9,37.9,207
"5972",1,46.6,26.8,55,39,167
"5973",2,48.3,37.1,60.1,42.1,187
"5974",3,55.4,41.4,64.9,50,161
"5975",4,54.7,48.7,63,48.9,205
"5976",5,59,42.2,71.1,46.9,215
"5977",6,63.2,45.4,81,48,200
"5978",7,63.3,45.1,80.1,54,234
"5979",1,64.9,45.9,84.9,51.1,236
"5980",2,76.9,58.3,89.1,66.9,227
"5981",3,78.9,59.2,86,71.1,270
"5982",4,75.5,59.6,82,64.9,229
"5983",5,48.3,41,75.9,44.1,193
"5984",6,53.3,48.7,68,46.9,164
"5985",7,62.1,54.3,68,53.1,280
"5986",1,59.1,43.6,75,48.9,217
"5987",2,60.9,54.3,68,57,203
"5988",3,57,53.2,61,54,184
"5989",4,58.3,51.5,70,52,212
"5990",5,60.8,52.8,71.1,52,191
"5991",6,63.4,55.2,75,55.9,230
"5992",7,67,56.4,77,59,247
"5993",1,70.1,47.9,78.1,61,247
"5994",2,66,44.8,73.9,55.9,229
"5995",3,64.8,45.1,73.9,54,209
"5996",4,67.1,42.4,79,55,213
"5997",5,71.9,42.4,84.9,57.9,235
"5998",6,75.2,49.4,86,63,238
"5999",7,81,59.6,91,72,273
"6000",1,71.3,57.5,89.1,64.9,215
"6001",2,64.8,46.5,75,55,235
"6002",3,67,45.9,75.9,57.9,222
"6003",4,70.4,45,82.9,57,196
"6004",5,75.6,53.4,89.1,66,217
"6005",6,76.1,55.2,91,68,245
"6006",7,82.1,57.6,93.9,71.1,276
"6007",1,84.7,62.1,95,73.9,210
"6008",2,80.3,64.5,91.9,72,210
"6009",3,77.7,66.2,90,68,203
"6010",4,77.2,64.8,91,70,210
"6011",5,77.8,62.2,89.1,66.9,229
"6012",6,80.5,67.5,88,73,242
"6013",7,75.6,63.8,82.9,71.1,268
"6014",1,70.7,56,79,64,205
"6015",2,66.6,54.6,80.1,59,216
"6016",3,68.5,56.2,79,57,179
"6017",4,79.3,66.3,89.1,71.1,196
"6018",5,76.7,62.8,84,66.9,186
"6019",6,70,52,80.1,62.1,249
"6020",7,65.4,46.6,73,55.9,275
"6021",1,64.7,46.8,73.9,55,202
"6022",2,65.3,45.7,77,54,204
"6023",3,69.8,52.3,82.9,63,169
"6024",4,76.2,64.7,82.9,68,209
"6025",5,73.7,67.5,82.9,66.9,204
"6026",6,76.3,61.2,82.9,68,238
"6027",7,75.4,57.3,89.1,62.1,230
"6028",1,75.2,64.5,82.9,70,214
"6029",2,74.5,62.8,84,68,244
"6030",3,78.3,61.5,87.1,71.1,242
"6031",4,82.2,64.4,91.9,72,207
"6032",5,81.5,67.7,91,75.9,213
"6033",6,71.5,55.4,78.1,64,221
"6034",7,74.7,52.5,87.1,61,272
"6035",1,78.2,67.9,84.9,68,183
"6036",2,78.2,70.6,86,72,197
"6037",3,77.3,70.8,80.1,69.1,166
"6038",4,78.4,69.5,84,73.9,208
"6039",5,72.2,61,82,66.9,213
"6040",6,71,59.1,82.9,61,244
"6041",7,73.1,62.5,81,70,254
"6042",1,69.2,57.7,79,57.9,190
"6043",2,76,59.4,90,63,201
"6044",3,80.5,66.9,89.1,73,191
"6045",4,77.3,70,89.1,70,187
"6046",5,81.5,70.2,89.1,75,186
"6047",6,78,70.5,87.1,72,221
"6048",7,80.3,67.6,91,73,276
"6049",1,71.5,61,75.9,68,189
"6050",2,73.1,58.3,82,66,185
"6051",3,76.6,63.1,84.9,68,190
"6052",4,78.6,70.1,82,73.9,206
"6053",5,74.2,62.6,79,70,198
"6054",6,72.7,54.5,78.1,64.9,253
"6055",7,73.5,59,84,64,273
"6056",1,76.8,60.3,86,68,196
"6057",2,77.9,62.5,86,71.1,211
"6058",3,77.2,64.2,87.1,68,202
"6059",4,76.8,67.4,86,71.1,214
"6060",5,62.9,55.2,75.9,55.9,186
"6061",6,67.7,54.5,79,59,211
"6062",7,71.9,57.3,77,66,269
"6063",1,70.5,57.8,77,64,189
"6064",2,70.4,51.9,84,59,183
"6065",3,74.6,56.1,82.9,64,202
"6066",4,75.6,58.7,84.9,64.9,201
"6067",5,74,60.8,82,68,187
"6068",6,69.4,57.1,75.9,61,231
"6069",7,69.3,55.5,77,59,221
"6070",1,74,58.6,84,64.9,204
"6071",2,76.5,65.3,84,68,183
"6072",3,77.1,66.3,91.9,70,202
"6073",4,78.3,69.4,84,73,182
"6074",5,75.1,62.4,82.9,66.9,223
"6075",6,74.8,59.1,82,64,261
"6076",7,77.2,61.2,89.1,66.9,234
"6077",1,79.5,69.9,87.1,73,212
"6078",2,75.2,64.9,81,71.1,200
"6079",3,69.5,51.4,78.1,60.1,176
"6080",4,67.7,54.7,75.9,60.1,173
"6081",5,64.4,48.8,73,53.1,175
"6082",6,68.6,52.2,78.1,59,227
"6083",7,70.3,54.2,79,64,233
"6084",1,70.6,61.1,78.1,66,160
"6085",2,70,62.4,75.9,63,179
"6086",3,70.3,59.9,81,61,193
"6087",4,70.1,59.2,75,66.9,201
"6088",5,64.5,49.8,69.1,57.9,198
"6089",6,64,45.8,73.9,50,200
"6090",7,68.4,55,84,57,233
"6091",1,73.5,58.6,84,68,230
"6092",2,64.1,48.9,73.9,55,192
"6093",3,58.4,45,66.9,50,155
"6094",4,60.6,46.2,70,53.1,183
"6095",5,63.5,48.5,72,59,186
"6096",6,64.5,48.5,71.1,57,205
"6097",7,62.5,46.4,69.1,53.1,241
"6098",1,64,48.8,73.9,55,167
"6099",2,67,54,77,57.9,185
"6100",3,67.6,60.1,75.9,64,177
"6101",4,67.9,61,80.1,59,202
"6102",5,74.9,60.5,88,64,217
"6103",6,77.8,61.5,88,66.9,237
"6104",7,78.4,62.9,88,69.1,269
"6105",1,69.2,56.5,80.1,59,214
"6106",2,70.3,63.6,78.1,66,194
"6107",3,76.7,65.5,91.9,66,235
"6108",4,84,66.9,95,73.9,216
"6109",5,85.2,67.3,95,75,224
"6110",6,84.4,66.5,95,75,264
"6111",7,82.3,63.6,91.9,73,265
"6112",1,81.1,58.7,91.9,71.1,225
"6113",2,82,59.4,93,72,202
"6114",3,70.8,54.9,87.1,64,204
"6115",4,62.9,44.6,73,54,196
"6116",5,64.3,46.4,70,60.1,202
"6117",6,61.8,45.3,66,57,216
"6118",7,61.5,41.3,72,52,248
"6119",1,70.5,47.5,82.9,61,198
"6120",2,72.2,59.5,79,66.9,177
"6121",3,70.7,63.3,75,66,183
"6122",4,65.9,51.9,75.9,55.9,193
"6123",5,65.2,61.7,72,62.1,189
"6124",6,70.5,61.4,80.1,62.1,188
"6125",7,65.5,53.6,80.1,55.9,238
"6126",1,67.5,51.8,82,55,209
"6127",2,63.9,57,72,59,170
"6128",3,59.5,56.5,63,57,147
"6129",4,58.1,53.5,60.1,57,190
"6130",5,62.1,55.4,73.9,54,198
"6131",6,64.6,61.3,73,62.1,183
"6132",7,60.9,55.7,68,52,180
"6133",1,52.3,40.1,63,43,188
"6134",2,57.4,40.2,71.1,48.9,186
"6135",3,60,41,71.1,50,199
"6136",4,61.1,37.6,69.1,53.1,208
"6137",5,64.7,46,80.1,54,219
"6138",6,68.6,51.9,78.1,62.1,236
"6139",7,66,56.6,73.9,52,218
"6140",1,53.1,51.5,54,52,157
"6141",2,47.8,44.9,54,44.1,155
"6142",3,44.8,33.6,54,37.9,178
"6143",4,48.2,37.4,61,39,181
"6144",5,45.3,33.6,57.9,39,179
"6145",6,38.7,31.1,41,36,181
"6146",7,40,27.8,46,33.1,202
"6147",1,45,30.4,51.1,42.1,174
"6148",2,37.8,22.7,42.1,35.1,196
"6149",3,39.8,29.6,44.1,37,192
"6150",4,47.6,46.5,52,42.1,191
"6151",5,45.9,38.8,50,39.9,170
"6152",6,46,41.2,48.9,43,196
"6153",7,51.5,50.4,53.6,48.9,229
"6154",1,41.7,32.8,51.1,33.1,172
"6155",2,43.4,33.4,48,37.9,163
"6156",3,37.8,27.1,46.9,28.9,205
"6157",4,39,25.9,46.9,34,167
"6158",5,24.9,11.2,34,19.9,157
"6159",6,30.1,16.7,37,26.1,182
"6160",7,39,31.3,41,37,193
"6161",1,37.9,34.4,42.1,32,180
"6162",2,40.8,34.1,50,33.1,158
"6163",3,47.9,40.7,52,44.1,177
"6164",4,36.2,27.6,48,32,145
"6165",5,39.5,31.9,45,35.6,155
"6166",6,43.7,41.9,48,36,169
"6167",7,35,23.1,39.9,30,212
"6168",1,39.2,26.4,54,30,176
"6169",2,42.1,29.1,48,34,160
"6170",3,29.2,15.3,35.1,23,136
"6171",4,37.2,21.7,48,30.9,179
"6172",5,44.8,31.5,62.1,34,159
"6173",6,48.8,35.9,55,42.1,195
"6174",7,38.9,25.4,48.9,28,182
"6175",1,46.3,34.2,57,36,184
"6176",2,55.8,35.8,62.1,51.1,179
"6177",3,44.3,27.7,57.9,35.1,181
"6178",4,47.3,29.1,55,41,163
"6179",5,42.2,27.1,53.1,30.9,203
"6180",6,44.2,28.7,54,35.1,187
"6181",7,44.6,31.6,57.9,30.9,206
"6182",1,57.1,40.1,64.9,50,202
"6183",2,41.3,26.8,64,30,160
"6184",3,31.7,13.8,36,28,179
"6185",4,25.6,13.4,33.1,19,153
"6186",5,25.2,9.6,37,18,186
"6187",6,30,20.1,33.1,28,165
"6188",7,26.9,16.9,36,19.9,164
"6189",1,31.5,21.9,39.9,26.1,162
"6190",2,25.2,15.2,34,18,165
"6191",3,27.9,15.4,37.9,19,166
"6192",4,25.2,14.8,33.1,18,173
"6193",5,26.8,16,34,19,175
"6194",6,39.5,24.3,48,34,186
"6195",7,38.8,32.6,46.9,32,183
"6196",1,43.7,39,45,42.1,159
"6197",2,44.2,34.2,51.1,39,171
"6198",3,35.1,19.4,44.1,30,164
"6199",4,36.1,24.9,41,32,161
"6200",5,38.7,31.5,41,37,162
"6201",6,32.8,22.7,37.9,25,194
"6202",7,22.4,14.3,25,19.9,142
"6203",1,17,8.5,21.9,12,155
"6204",2,3.6,-8.1,12,-0.9,127
"6205",3,2.3,-8.5,8.1,-2.9,120
"6207",5,12.7,7.1,15.8,10.9,131
"6208",6,10.5,2.1,16,3.9,165
"6209",7,1.1,-8,1.9,0,167
"6210",1,-0.5,-11.3,10,-7.1,227
"6212",3,12.2,3.5,18,1,123
"6213",4,8.3,-2.6,14,1.9,144
"6214",5,5.3,-5.3,12,0,164
"6215",6,6.7,-5.4,17.1,-0.9,185
"6216",7,17.7,7.3,30.9,6.1,159
"6217",1,34,29.8,37,30.9,139
"6218",2,30.5,28.2,34,28,145
"6219",3,38.6,37.6,52,30,163
"6220",4,56.6,53.9,60.8,45,166
"6221",5,24.3,18.2,36,21,161
"6222",6,14,-0.3,21.9,8.1,172
"6223",7,13.2,0.6,21.9,7,172
"6224",1,19,14.6,24.8,12.9,126
"6225",2,14.4,8.1,25,6.1,164
"6226",3,14.3,7.3,21,5,168
"6227",4,22.6,12.7,33.1,17.1,137
"6228",5,32.6,21.7,39,28,150
"6229",6,39.7,30.2,46.9,33.1,190
"6230",7,41.8,39.5,46,39,204
"6231",1,48.9,47.6,55,42.1,161
"6232",2,36,31,52,30,171
"6233",3,29.4,22.8,30.9,28,156
"6234",4,32.9,25.2,44.1,26.1,182
"6235",5,43.4,32.2,52,37,198
"6236",6,48.5,30.8,52,42.1,195
"6237",7,36.3,28,44.1,30,213
"6238",1,28.4,20.1,34,24.1,153
"6239",2,22.2,11,30.9,15.1,156
"6240",3,35.8,21.3,44.1,30,167
"6241",4,28.8,14.8,41,15.1,161
"6242",5,11.8,-5.4,19.9,5,148
"6243",6,27.6,9.3,42.1,19,157
"6244",7,26.7,20,39,14,172
"6245",1,6.6,-2.3,14,-0.9,144
"6246",2,13.4,6.9,21.9,6.1,152
"6247",3,18.4,12.2,19.9,15.8,122
"6248",4,14.4,6.6,21.9,9,136
"6249",5,24.8,21.5,28.9,19.4,141
"6250",6,21,15.5,27,17.1,148
"6251",7,22.4,17.9,26.1,19,174
"6252",1,16.9,5.8,28.9,3.9,147
"6253",2,24.5,14.1,36,17.1,169
"6254",3,34,28.4,46,28,194
"6255",4,41.5,41.2,48,39,205
"6256",5,36.2,25.6,46,30,181
"6257",6,25.4,16.8,36,17.1,165
"6258",7,29,24.5,39,19.9,195
"6259",1,44.5,41,57,37.9,164
"6260",2,59.3,57.7,66,46,178
"6261",3,32.8,26.8,46,28.9,173
"6262",4,34.6,27.2,39.9,28.9,186
"6263",5,40.7,37.6,45,39,163
"6264",6,37.7,32.5,43,35.1,201
"6265",7,41.6,31.9,52,34,199
"6266",1,41.9,26.9,55,28.9,173
"6267",2,50.1,32.1,62.1,41,166
"6268",3,51.8,39.9,60.1,39,161
"6269",4,39.5,35.3,44.1,37.9,219
"6270",5,37.4,24,46,30.9,170
"6271",6,38.1,20.7,43,33.1,206
"6272",7,38.6,22.1,46.9,32,185
"6273",1,37.9,20,43,34,180
"6274",2,36.1,32.7,42.1,34,178
"6275",3,31.7,22.6,36,26.1,157
"6276",4,28.8,14.5,36,24.1,173
"6277",5,30.1,16.3,39,23,169
"6278",6,33.4,17.6,39.9,25,208
"6279",7,35.1,22.5,41,30.9,202
"6280",1,36.9,23.1,46,28.9,169
"6281",2,31.8,21.2,39.9,28,178
"6282",3,31.7,15.4,46.9,21.9,188
"6283",4,39.9,25.4,48.9,30.9,193
"6284",5,32.6,22,37,30,197
"6285",6,36.7,25.3,45,33.1,241
"6286",7,40.8,21.2,55.9,28,207
"6287",1,41.5,25.7,53.1,37,164
"6288",2,33.8,22.3,37.9,28.9,175
"6289",3,34.3,20.7,39.9,30.9,190
"6290",4,35.3,19.6,48,25,142
"6291",5,36.7,22.4,43,30.9,194
"6292",6,36.8,22.5,41,34,182
"6293",7,34.6,17.2,42.1,28,212
"6294",1,41.4,23.5,55,32,157
"6295",2,49.9,46.3,53.1,46.9,178
"6296",3,45.7,36.7,53.1,39,169
"6297",4,45.4,39.7,48.9,41,158
"6298",5,39.6,28.6,48.9,35.1,163
"6299",6,46,33.3,60.1,37.9,190
"6300",7,33.8,15.3,46.9,27,193
"6301",1,33.1,16.5,45,23,167
"6302",2,40.2,35.9,43,37,132
"6303",3,32.8,24.7,37,27,176
"6304",4,32.3,17.5,42.1,24.1,176
"6305",5,35.6,26.5,39,32,202
"6306",6,29.2,8.2,39,21,210
"6307",7,31.9,14.2,39.9,23,175
"6308",1,34.5,28.5,39.9,30.9,161
"6309",2,37.1,24.7,46,28.9,166
"6310",3,48.5,32,66,39,210
"6311",4,59.5,42.6,75,48,220
"6312",5,45.8,39.4,53.1,42.1,192
"6313",6,40.4,38.6,44.1,37.9,183
"6314",7,36.7,35,39,35.1,179
"6315",1,31.3,26,36,28,175
"6316",2,35,22.3,45,30,166
"6317",3,35.1,26.4,37.9,32,157
"6318",4,41.1,29.6,55,33.1,160
"6319",5,46.8,21.6,61,33.1,209
"6320",6,47.2,20.3,53.1,41,199
"6321",7,51,23.1,62.1,44.1,203
"6322",1,51.9,29.3,64,43,188
"6323",2,55.8,42,64,50,189
"6324",3,49,35.8,59,43,198
"6325",4,49.3,29.1,66,36,169
"6326",5,51.9,31.3,61,44.1,203
"6327",6,43.9,29.3,51.1,37.9,173
"6328",7,44.5,20.1,57,33.1,219
"6329",1,57.9,20.4,80.1,42.1,213
"6330",2,71.7,38.4,86,57.9,277
"6331",3,77.2,52.5,88,66.9,227
"6332",4,65.4,59.8,78.1,57.9,218
"6333",5,67.9,54.9,75,57.9,252
"6334",6,70.7,45.2,82,57,278
"6335",7,63.5,41.8,82,55,253
"6336",1,60.3,40,73,50,217
"6337",2,69.8,40.4,82.9,55.9,224
"6338",3,71.1,49.5,82.9,60.1,222
"6339",4,66.1,54.4,78.1,59,201
"6340",5,53.5,44.6,64,48.9,190
"6341",6,49.1,44.6,53.1,46,186
"6342",7,54.4,49.6,69.1,48,215
"6343",1,63.8,56.6,86,53.1,202
"6344",2,64,58.9,69.1,60.1,211
"6345",3,62.6,45.8,77,48.9,239
"6346",4,65.2,50.5,75,55.9,224
"6347",5,58.4,46.6,68,53.1,201
"6348",6,61.1,57.7,69.1,57,218
"6349",7,51.5,47.3,60.1,45,235
"6350",1,54.8,52.2,64,48.9,178
"6351",2,60,56.6,66.9,55.9,231
"6352",3,63.7,52.1,78.1,51.1,218
"6353",4,71.8,54,87.1,59,222
"6354",5,78.5,55.9,90,68,240
"6357",1,84.1,63,96.1,75,271
"6358",2,77.7,60.9,93.9,70,262
"6359",3,77.5,66.6,87.1,72,213
"6360",4,77.7,68,89.1,70,242
"6361",5,71.1,60.5,87.1,60.1,253
"6362",6,60.9,53.3,73.9,53.1,251
"6363",7,67.5,54.8,79,60.1,270
"6364",1,68,48.5,80.1,55,230
"6365",2,67.2,48.9,80.1,55.9,204
"6366",3,63.5,48.2,80.1,52,221
"6367",4,73.8,57.8,81,66,223
"6368",5,65.6,55.9,73,61,202
"6369",6,66.5,60.4,81,57.9,206
"6370",7,65.5,63.6,71.1,61,202
"6371",1,64.1,62.8,69.1,61,184
"6372",2,70.6,66.7,81,64,211
"6373",3,75.1,61.8,81,69.8,226
"6374",4,72.9,52,81,62.1,182
"6375",5,76.6,57.8,89.1,64.9,223
"6376",6,82.2,69.5,93,70,242
"6378",1,86.7,72.7,95,79,245
"6379",2,73.3,67.5,84,66,227
"6380",3,70.4,64,79,66,225
"6381",4,66.5,64.2,69.1,64.4,152
"6382",5,63.2,60.7,66.9,61,175
"6383",6,68.3,58.2,80.1,60.8,220
"6384",7,73.7,63.2,82,66,282
"6385",1,70.1,61.8,78.1,64,226
"6386",2,74.9,64.6,84.9,68,187
"6387",3,73.3,68.4,79,69.8,207
"6388",4,76.1,65.4,87.1,66,219
"6389",5,83.5,71.8,95,73.9,215
"6390",6,87.3,76.5,95,79,255
"6391",7,84.9,73.6,93.9,78.1,281
"6392",1,77.2,65.5,81,72,243
"6393",2,78.5,64.6,91,68,192
"6395",4,80.3,73.5,95,72,229
"6396",5,74.8,60,79,71.1,209
"6397",6,71.7,51.1,81,63,246
"6399",1,80.1,61,91,68,203
"6400",2,82.2,65.1,88,78.1,196
"6401",3,78.3,57.9,86,71.1,199
"6402",4,79.3,61.6,87.1,72,204
"6403",5,82.1,63.4,93,72,218
"6404",6,78.3,69.2,90,73,256
"6405",7,81,71,91,73,255
"6406",1,83,72.1,93,75,218
"6407",2,77,61.9,84.9,69.1,201
"6408",3,72.6,55.2,79,64,244
"6409",4,76.7,57.7,89.1,66,206
"6410",5,75.7,66.6,84,70,207
"6411",6,71.5,67.6,77,69.8,248
"6412",7,71.6,68.3,77,69.8,239
"6413",1,73.6,64.9,82,68,227
"6414",2,75.7,64.3,84,66.9,217
"6415",3,79.1,59.6,89.1,68,216
"6416",4,77.5,60.4,84,72,190
"6417",5,71.1,56.1,79,63,183
"6418",6,71.9,54,82,61,219
"6419",7,72.4,56.8,80.1,64,257
"6420",1,72.5,59.2,81,63,174
"6421",2,74.3,62.4,80.1,68,219
"6422",3,73.7,62,86,63,237
"6423",4,77.7,63.8,88,69.1,203
"6424",5,77.1,63.1,88,64.9,217
"6425",6,83.2,65.3,96.1,73,274
"6426",7,84.5,66.5,95,77,283
"6427",1,79.3,69.4,90,72,187
"6428",2,76.5,69.7,84.9,71.1,173
"6429",3,74.6,67.6,82,69.1,190
"6430",4,78.5,66.4,91,68,201
"6431",5,77.8,69.4,84.9,71.1,210
"6432",6,78.4,63.7,89.1,69.1,249
"6433",7,79.9,60,88,70,268
"6434",1,77.9,63,89.1,66.9,213
"6435",2,80.5,61.2,90,69.1,214
"6436",3,80.2,66.7,87.1,75,183
"6437",4,77.3,69.4,86,73,215
"6438",5,75.7,69.2,84.9,69.1,201
"6439",6,76.7,69,82,72,256
"6440",7,76.5,67.8,84.9,68,244
"6441",1,75.8,68,80.1,71.1,178
"6442",2,73.1,67.7,80.1,68,184
"6443",3,71.1,54.1,81,60.1,193
"6444",4,70.9,52.6,81,60.1,186
"6445",5,69.2,57,78.1,64,190
"6446",6,72.9,66.9,88,64.9,227
"6447",7,83.5,74.4,95,73.9,275
"6448",1,86.2,72.2,96.1,78.1,203
"6449",2,83.1,72.1,93,72,205
"6450",3,72.2,67.6,81,68,172
"6451",4,68.5,56.8,73.9,64.9,188
"6452",5,72.4,59.7,86,62.1,200
"6453",6,76.9,69.7,87.1,72,255
"6454",7,82.3,68.8,91.9,73.9,244
"6455",1,78.6,69.1,88,73,228
"6456",2,79.9,69.1,93,72,214
"6457",3,83.1,68.1,91.9,75.9,201
"6458",4,70.6,65.1,79,68,190
"6459",5,68.9,60.8,70,66.2,155
"6460",6,67.1,52.6,69.1,64.9,223
"6461",7,65,51.1,70,61,199
"6462",1,66.6,55.1,73.9,61,171
"6463",2,67.5,56.4,80.1,57,187
"6464",3,68.5,55.9,82,57,183
"6465",4,66.9,56.6,79,57,177
"6466",5,70.6,59.9,84.9,62.1,244
"6467",6,70.3,61.5,82,63,231
"6468",7,74.9,65.1,86,66.9,283
"6469",1,79.1,64.4,91,69.1,195
"6470",2,75.3,63.7,82,69.1,200
"6471",3,71.1,61.7,79,66.9,212
"6472",4,78.1,67.1,95,68,245
"6473",5,78.4,61.1,91.9,68,230
"6474",6,60.3,44,68,55.9,261
"6475",7,61.2,49.1,70,53.1,229
"6476",1,65.1,56.9,71.1,57.9,210
"6477",2,73.2,65.2,84,68,203
"6478",3,61.5,48.1,68,51.1,209
"6479",4,59,42.9,69.1,48,164
"6480",5,58.2,43.8,66.9,51.1,191
"6481",6,51.2,38,60.1,42.1,195
"6482",7,59.3,49.4,68,54,200
"6483",1,62.5,56,73.9,57,240
"6484",2,64.1,58.4,75.9,59,174
"6485",3,71.3,60.5,88,60.1,194
"6486",4,66.2,53.8,84.9,53.1,201
"6487",5,58.3,52,66,53.1,186
"6488",6,64.9,61.3,73,59,225
"6489",7,59.2,53.9,61,57,238
"6490",1,70.9,64.1,84.9,61,216
"6491",2,77.3,65.2,86,71.1,207
"6492",3,72.9,64.2,80.1,68,194
"6493",4,51.3,38.6,69.1,43,149
"6494",5,40.2,30.9,46.9,36,176
"6495",6,41.6,33.3,53.1,34,189
"6496",7,47.9,37.9,57.9,39.9,213
"6497",1,44.5,34.1,53.1,37.9,185
"6498",2,44,29.2,57.9,34,180
"6499",3,47.6,30.2,54,42.1,157
"6500",4,45.5,26.7,57.9,34,168
"6501",5,49.1,35.1,54,45,204
"6502",6,47.4,35.7,53.1,37.9,224
"6503",7,38.1,20.3,50,28,184
"6504",1,47.8,30,63,37.9,192
"6505",2,48.6,32.4,57,41,212
"6506",3,44.3,34.4,51.1,37.9,212
"6507",4,44.9,33,52,37.9,220
"6508",5,48.9,37.7,54,46,205
"6509",6,49.8,39.6,53.1,43,228
"6510",7,47.7,41.7,52,44.1,221
"6511",1,46.9,38.4,57,39,172
"6512",2,53.5,42.8,69.1,45,197
"6513",3,55,46.4,69.1,48.9,213
"6514",4,50.7,36.7,53.1,46.9,221
"6515",5,45.2,34.7,51.1,37.9,166
"6516",6,43,32,48.9,34,239
"6517",7,49,41.5,52,46,205
"6518",1,48.3,42,53.1,45,195
"6519",2,48.3,42.5,50,45,186
"6520",3,38.5,26.8,45,36,177
"6521",4,35.9,23.7,41,33.1,181
"6522",5,35,26.2,41,28.9,164
"6523",6,25.3,12.5,34,19.9,177
"6524",7,33,19.3,42.1,28.9,194
"6525",1,34.5,22.8,39,30.9,170
"6526",2,25.2,10.7,30.9,19.9,137
"6527",3,25.8,13.1,36,19,146
"6528",4,32.1,24.3,35.1,28.9,127
"6529",5,34.2,27.2,41,28,176
"6530",6,34.8,29.5,37,33.1,166
"6531",7,34.4,27.3,37,30.9,193
"6532",1,28.4,21.9,34,24.1,173
"6533",2,32.3,22.4,36,30,167
"6534",3,32.6,22.5,37.9,28.9,164
"6535",4,33.9,23.4,39,30.9,183
"6536",5,40.8,32.1,51.1,34,192
"6537",6,45.4,40.4,48.9,42.1,161
"6538",7,39.5,33.8,42.1,37,185
"6539",1,31.3,26.8,39.9,27,156
"6540",2,24,15.6,28,21,162
"6541",3,22.1,14.4,27,18,177
"6542",4,31,23.4,37,27,184
"6543",5,36.2,29.1,43,32,199
"6544",6,38.5,34.5,43,34,195
"6545",7,43.4,39.6,48,39,207
"6546",1,34.8,28.9,39.9,32,176
"6547",2,30.8,21.6,32,30,168
"6548",3,28.3,19.1,30.9,25,174
"6549",4,30.7,21.2,33.1,27,174
"6550",5,21.5,10.7,27,17.1,184
"6551",6,24.5,12.8,30,19,191
"6552",7,25.1,17.1,35.1,18,217
"6553",1,24,17.2,34,17.1,159
"6554",2,30.5,22.9,39,26.1,164
"6555",3,36,27,43,30.9,178
"6556",4,34.3,26.4,43,26.1,178
"6557",5,40.6,38.9,42.1,39,210
"6558",6,38.5,33.3,48,30.9,204
"6559",7,36.9,31.7,55,28.9,217
"6560",1,35.6,24.8,52,28.9,144
"6561",2,30.5,25.5,50,21.9,166
"6562",3,40.1,30.6,50,34,182
"6563",4,45.4,40.6,48.9,43,185
"6564",5,36.9,33.3,46.9,32,197
"6565",6,31.3,24.6,35.1,30,200
"6566",7,34.4,26.4,39,32,185
"6567",1,30.3,17.4,37.9,24.1,161
"6568",2,35.7,26.8,46.9,28.9,183
"6569",3,36.7,29.5,48,28.9,140
"6570",4,43.8,35.9,51.1,39.9,136
"6571",5,43.2,39,54,30.9,169
"6572",6,29.5,26.6,30.9,28,195
"6573",7,27,19.5,37,19.9,191
"6574",1,36.4,32.9,41,32,152
"6576",3,29.5,25.7,32,27,153
"6577",4,30.8,23.5,41,25,165
"6578",5,37.9,28,50,32,161
"6579",6,39.8,32.4,53.1,30.9,216
"6580",7,40.2,32.3,46.9,37,196
"6581",1,45.6,39.8,55.4,39.9,163
"6582",2,42.8,35.2,54,37.9,184
"6583",3,23.8,10.4,39,19.4,153
"6584",4,19.4,8.2,25,15.1,163
"6585",5,26.7,18.2,30.9,21,163
"6586",6,30.3,24.3,30.9,30,192
"6587",7,30.3,24.1,32,28.4,171
"6588",1,26.2,20.4,30,21,178
"6589",2,26.4,22.2,28.9,24.1,178
"6590",3,32.4,25.2,35.1,28,166
"6591",4,31.5,24.7,36,28.9,163
"6592",5,31.5,24.2,35.1,30,170
"6593",6,27.6,23.9,30.9,25,138
"6594",7,14.8,5.8,26.1,8.1,160
"6595",1,10.9,-0.2,15.1,7,125
"6596",2,20.3,10,33.1,10.9,167
"6597",3,31.4,29.8,36,21.9,146
"6598",4,17.9,12.7,23,10.9,161
"6599",5,2.8,-5.6,17.1,-5.1,150
"6600",6,4.6,-3.6,12.9,-5.1,145
"6601",7,5.5,-2.1,12.9,-2,168
"6602",1,20.4,14.7,35.1,8.1,160
"6603",2,6.4,-1.8,18,-0.4,137
"6605",4,-12.5,-22.2,-2,-20,129
"6606",5,9.2,2.6,21,-2,148
"6607",6,26.6,22,41,14,182
"6608",7,41,39.9,46,36,202
"6609",1,47.3,45.1,51.1,39,202
"6610",2,30.8,25.1,39,27,164
"6611",3,34.5,32.7,37.9,30.9,180
"6612",4,35.9,34.6,46.4,30,185
"6613",5,11.5,1.6,28.9,5,143
"6614",6,13.5,3,26.1,7,186
"6615",7,24.9,16.4,28.9,21.9,194
"6616",1,29.6,25.8,32,27,144
"6617",2,31.6,29.8,33.1,28,182
"6618",3,20.6,14.2,28.4,12.9,174
"6619",4,36.8,28.5,46,25,226
"6620",5,23.7,14.8,44.1,10.9,189
"6621",6,22.2,12.1,30,17.1,189
"6622",7,26.7,20.4,28.9,25,204
"6623",1,26.8,21.9,30.9,23,154
"6624",2,24.1,14.9,33.1,14,158
"6625",3,31.6,26.7,37,28.9,159
"6626",4,31.9,21.2,35.6,27,183
"6627",5,30.4,20.4,37.9,23,176
"6628",6,35.6,30.1,39,33.1,176
"6629",7,36.3,31.5,48.9,23,154
"6630",1,15.6,-0.1,23,8.1,148
"6631",2,21.5,8.9,25,18,169
"6632",3,26.3,16.5,32,24.1,160
"6633",4,20.1,8.6,28,12.9,143
"6634",5,28.6,19.6,34,24.1,151
"6635",6,30.8,22,35.1,28,191
"6636",7,23.8,10.4,30,18,183
"6637",1,6.6,-6.9,18,-2,148
"6638",2,13.2,0,21.9,9,136
"6639",3,18.1,2.9,32,10,164
"6640",4,24.2,10.7,30.9,16,148
"6641",5,29.4,21.3,39,23,189
"6642",6,35,28.7,43,28.9,193
"6643",7,37.9,32.6,44.1,35.1,200
"6644",1,33.3,19,43,28,188
"6645",2,36.3,23.6,48.9,26.1,150
"6646",3,47.1,37.5,60.1,41,209
"6647",4,56.2,48.6,64,46,187
"6648",5,38.6,33.3,45,35.6,205
"6649",6,35.5,20.6,43,28.9,263
"6650",7,36,22.3,45,28.9,208
"6651",1,36.1,23.6,45,28,207
"6652",2,39.8,23.8,50,30,195
"6653",3,42.5,33.5,46.9,39.9,159
"6654",4,40.4,35.1,46,37,202
"6655",5,40.6,28.8,46.9,35.1,190
"6656",6,37.9,24.9,53.1,27,215
"6657",7,46,31.5,51.1,43,205
"6658",1,37.6,25.2,43,34,171
"6659",2,36.1,13.6,46,27,166
"6660",3,42.8,18.4,59,30.9,206
"6661",4,53.5,39.4,64.9,46,220
"6662",5,47.5,32.6,55,42.1,189
"6663",6,40.2,32.9,43,35.1,197
"6664",7,31.9,13.8,39.9,24.1,213
"6665",1,36.5,20.1,48.9,27,210
"6666",2,44.9,30.2,57,37.9,168
"6667",3,47,28.4,59,37,190
"6668",4,46.7,39.9,54,42.8,186
"6669",5,45,39.5,57,39.9,181
"6670",6,52.3,44.4,64.9,42.1,226
"6671",7,59.4,49.9,70,53.1,236
"6672",1,62.7,47.2,73.9,53.1,222
"6673",2,60.9,35.8,71.1,46.9,209
"6674",3,41.6,31.5,64,36,143
"6675",4,45.6,35.7,61,39,193
"6676",5,50.6,36.2,61,43,181
"6677",6,44.3,24.4,54,37,204
"6678",7,37.1,29.8,51.1,33.1,163
"6679",1,39.9,29.3,54,30.9,171
"6680",2,57.8,42.6,75,48.9,207
"6681",3,57.9,47.2,77,46.9,170
"6682",4,58.6,51.7,75,48,181
"6683",5,44.5,34.7,48.9,41,158
"6684",6,50.6,19.6,64.9,41,219
"6685",7,59.6,24.4,78.1,45,240
"6686",1,68.4,42.2,80.1,57.9,214
"6687",2,59.1,49,71.1,51.1,183
"6688",3,53.9,37.8,64.9,45,189
"6689",4,57.7,37.7,66,46.9,225
"6690",5,56.5,37.4,64.9,50,205
"6691",6,42.9,30.2,61,33.1,182
"6692",7,41.5,27.4,51.1,33.1,194
"6693",1,46.8,39.7,53.1,43,178
"6694",2,46.1,44,52,39.9,202
"6695",3,52.9,50.6,61,45,215
"6696",4,45.8,43.7,51.1,43,179
"6697",5,48.6,40.4,57,44.1,202
"6698",6,50.9,38.3,61,42.1,226
"6699",7,58.8,39.6,73.9,44.1,258
"6700",1,60.7,47.3,72,51.1,228
"6701",2,47.4,41.9,51.1,45,197
"6702",3,53.7,41.7,75.9,45,237
"6703",4,63.2,56.4,73,53.1,222
"6704",5,50.1,38.4,55.9,45,221
"6705",6,48.1,37.5,54,46,182
"6706",7,47.2,38,53.1,44.1,191
"6707",1,50.4,38.6,61,43,238
"6708",2,55.7,36.8,70,43,207
"6709",3,63.6,43.2,75,52,219
"6710",4,67,54.9,75.9,59,205
"6711",5,57.5,50.7,75,46,225
"6712",6,58,50,82.9,45,234
"6713",7,66.1,59.2,75,53.1,274
"6714",1,54.1,43.4,69.1,48.9,237
"6715",2,49.5,40.6,54,46,194
"6716",3,63.9,52.1,82,51.1,237
"6717",4,72.1,56.4,80.1,64.9,252
"6718",5,64.5,52.2,73.9,55.9,237
"6719",6,76.4,64.4,82.9,66.9,284
"6721",1,62.7,53.5,75.9,55,213
"6722",2,65.7,61,72,53.6,203
"6723",3,60,55.2,73.9,51.8,215
"6724",4,66.9,58.2,80.1,60.1,195
"6725",5,71.4,57.9,82.9,61,242
"6726",6,71.4,61.1,82,57.9,262
"6727",7,60.9,45.4,69.1,53.1,260
"6728",1,58.9,40,68,51.1,191
"6729",2,67,52.2,82.9,57.9,240
"6730",3,75.5,65,86,66.9,225
"6731",4,66.4,58.9,75.9,59,207
"6732",5,67.3,57.4,80.1,57,235
"6733",6,68.6,53.8,79,60.1,263
"6734",7,69.7,60.3,73.9,66,261
"6735",1,68.3,54.3,75.9,62.1,215
"6736",2,69.9,43.5,82,57.9,233
"6737",3,69.5,48.3,78.1,60.8,192
"6738",4,59,48,69.1,52,192
"6739",5,66,44.2,81,52,248
"6740",6,67.4,58.9,75.9,62.1,250
"6741",7,59.9,57.4,69.1,57,258
"6742",1,59.8,54.6,68,55.9,223
"6743",2,65.1,57.4,79,57,199
"6744",3,67.4,59,75.9,57.9,220
"6745",4,60.4,57.1,70,55.4,202
"6746",5,63,48.8,72,53.1,199
"6747",6,69.1,55.6,81,60.1,231
"6748",7,74.2,64.9,82,66,260
"6749",1,73.2,68.5,79,71.1,232
"6750",2,74,60.1,87.1,63,194
"6751",3,79.3,62.3,90,70,214
"6752",4,77.9,67,90,69.1,201
"6753",5,78.5,67,91,71.1,226
"6754",6,80.4,68,87.1,72,259
"6755",7,78.4,66.3,89.1,72,287
"6756",1,79.2,69.1,91,70,257
"6757",2,84.9,71.2,91.9,77,210
"6758",3,77.3,70.4,86,71.1,206
"6759",4,78.8,69.7,91,70,280
"6760",5,82.8,71.5,91.9,75.9,282
"6761",6,80.1,69.6,89.1,73,248
"6762",7,72,59.7,79,66.9,272
"6763",1,73.3,54,82.9,64.9,204
"6764",2,76.8,59.7,89.1,66.9,207
"6765",3,85,68,96.1,75.9,231
"6766",4,78.7,62.5,91.9,71.1,250
"6767",5,74.1,57.4,87.1,62.1,209
"6768",6,82.4,65.4,93.9,73,262
"6769",7,80.2,65.8,90,73,266
"6770",1,82.3,67,91.9,75,196
"6771",2,77.6,69.6,86,72,218
"6772",3,81.6,72.5,91,73.9,193
"6773",4,79.2,73.5,88,71.1,198
"6774",5,86.5,77.9,95,81,226
"6775",6,86,75.8,97,75.9,226
"6776",7,75.7,68.6,81,71.1,273
"6777",1,71.9,55.7,75.9,68,195
"6778",2,70.8,54.8,81,62.1,177
"6779",3,71.7,53.9,80.1,62.1,180
"6780",4,74.3,53.3,86,63,193
"6781",5,76.7,60.4,86,68,206
"6782",6,80.2,64.1,89.1,72,247
"6783",7,81.5,66.3,90,73,264
"6784",1,77.5,68.4,87.1,72,233
"6785",2,73.3,64.3,79,66.9,195
"6786",3,70.3,56.1,75.9,63,178
"6787",4,71,55.3,80.1,60.1,193
"6788",5,74.2,57.2,82,63,202
"6789",6,76.5,60.2,89.1,64,254
"6790",7,79.4,62.2,86,73,267
"6791",1,80.1,65.3,91,71.1,218
"6792",2,77.1,66,87.1,70,207
"6793",3,77.8,63.4,88,68,185
"6794",4,80.2,60.1,88,73,201
"6795",5,73.8,54.6,82.9,63,208
"6796",6,75,56.8,86,66.9,256
"6797",7,75.7,60.7,84,69.1,244
"6798",1,77.3,71.6,82.9,73.9,197
"6799",2,76.1,70.4,84.9,70,167
"6800",3,73.8,67.3,84,66,206
"6801",4,71.5,62.1,78.1,64.9,219
"6802",5,73.2,62.5,84.9,64.9,191
"6803",6,74.7,68,82,69.1,242
"6804",7,75.1,69.2,82.9,69.1,253
"6805",1,77.8,68.4,84.9,71.1,199
"6806",2,75.9,71.3,81,71.1,191
"6807",3,74,67.5,84,64.9,160
"6808",4,74.3,62.2,78.1,69.1,195
"6809",5,70.6,53.4,75,66,189
"6810",6,69.4,52.3,73.9,63,244
"6811",7,70,53.1,78.1,62.1,272
"6812",1,72.2,64.1,78.1,66,195
"6813",2,72.9,63.3,81,66,182
"6814",3,69.6,52.5,77,60.1,197
"6815",4,71.5,57.4,86,60.1,195
"6816",5,70.8,53.7,80.1,62.1,204
"6817",6,68.3,52.4,75.9,64,208
"6818",7,67.4,61,73,62.1,238
"6819",1,71.3,62.2,82.9,62.1,238
"6820",2,73.1,65.5,81,68,163
"6821",3,68.4,57,81,62.1,172
"6822",4,64.8,51.9,73.9,57,174
"6823",5,68.4,58.4,75,64.9,186
"6824",6,68.1,56.3,79,57,227
"6825",7,66.1,55.9,73,62.1,246
"6826",1,67.5,60.2,78.1,62.6,203
"6827",2,79.4,67.8,91,73,212
"6828",3,81.6,71.7,91,75,201
"6829",4,74.2,68.8,84.9,68,228
"6830",5,75.1,66.4,80.1,70,241
"6831",6,68.4,56.2,81,57.9,228
"6832",7,71.6,63.1,78.1,64,266
"6833",1,72.2,67.5,77,69.1,216
"6834",2,70.3,64.7,79,66,225
"6835",3,72.6,61.4,82.9,64,218
"6836",4,74.3,58,84.9,64,210
"6837",5,76,65.1,86,69.1,210
"6838",6,76.6,67.9,82.9,73,215
"6839",7,73.2,68,78.1,71.1,206
"6840",1,68.8,58.2,75,62.1,208
"6841",2,68.1,55.2,80.1,57.9,188
"6842",3,70.8,57,80.1,66,191
"6843",4,66.8,45.8,75,57,192
"6844",5,64.7,50.4,70,60.1,168
"6845",6,63.6,61.2,71.1,59,194
"6846",7,64.1,60.7,69.8,60.1,221
"6847",1,73.9,67.4,87.1,64.9,174
"6848",2,79.7,68.6,88,72,219
"6849",3,68.3,63,84.9,60.1,181
"6850",4,63.1,57.8,70,59,176
"6851",5,54.1,44.9,59,48,178
"6852",6,56,46,64.9,48.9,194
"6853",7,60.3,47.3,69.1,51.1,190
"6854",1,60.1,43.3,71.1,48,208
"6855",2,59.8,43,71.1,48,201
"6856",3,61.7,45,72,53.1,180
"6857",4,62.9,52.5,71.1,54,156
"6858",5,60,54.8,71.1,43,185
"6859",6,44.2,26.8,55,37,171
"6860",7,48.1,32.4,55.9,37.9,204
"6861",1,46.5,31.6,55,39,173
"6862",2,52.3,41.4,66,42.1,179
"6863",3,49.5,36.7,62.1,46,175
"6864",4,47,36.4,55.9,41,163
"6865",5,49.2,38.7,60.1,39,177
"6866",6,56.3,40.2,70,46,240
"6867",7,56.7,48.1,66,51.1,221
"6868",1,58.3,51.6,68,50,199
"6869",2,50.8,39.1,60.1,46.9,178
"6870",3,49.2,34.1,60.1,39.9,182
"6871",4,48.6,39.3,57.9,42.1,163
"6872",5,46.9,35.6,50,44.1,193
"6873",6,44.9,39.9,48.9,39,165
"6874",7,50.3,43,59,44.1,205
"6875",1,48.8,42.3,55.9,42.1,188
"6876",2,42.3,38,48,37,167
"6877",3,38.5,34,42.8,33.1,152
"6878",4,36,33.8,42.8,32,157
"6879",5,33.1,24.3,46,25,187
"6880",6,39.5,31.5,45,36,206
"6881",7,40.4,28.5,54,30.9,239
"6882",1,48.6,34.8,54,44.1,181
"6883",2,39.1,25.3,46.9,33.1,156
"6884",3,40.9,25.3,57.9,30.9,179
"6885",4,30.2,17.8,39.2,25,171
"6886",5,24.6,8,33.1,17.1,165
"6887",6,34.8,17.6,48,28,184
"6888",7,42.1,31.7,45,37.9,201
"6890",2,14.9,1.7,23,9,124
"6891",3,17.3,3.8,26.1,12,131
"6892",4,28.4,20.3,33.1,25,146
"6893",5,28.5,20.4,37.9,21.9,181
"6894",6,34.7,27.3,42.1,28.9,186
"6895",7,34.2,26.6,42.1,28.9,191
"6896",1,37.9,33.7,42.1,36,180
"6897",2,38.3,32.9,41,36,169
"6898",3,42.5,37.6,48.9,39,205
"6899",4,47.8,42,55.9,42.1,175
"6900",5,37.2,27.1,46.9,32,179
"6901",6,32.4,25.7,41,27,191
"6902",7,39.4,30.8,50,33.1,204
"6903",1,45.5,36.8,55,37.9,149
"6904",2,42.1,35.2,50,33.1,192
"6905",3,45.8,39.6,57,37,158
"6906",4,35.2,25.1,39,32,172
"6907",5,37.2,33.8,39.9,35.1,177
"6908",6,38.5,34.5,41,36,158
"6909",7,40.5,37.7,43,37,187
"6910",1,33.3,26.8,37.9,30.9,159
"6911",2,33.5,26.3,39.9,30,176
"6912",3,37.6,28.4,44.1,32,184
"6913",4,36.8,28,46,28,203
"6914",5,39.2,29.3,45,32,179
"6915",6,32,23.4,39,25,180
"6916",7,39.9,31.4,48.2,35.1,210
"6917",1,47.2,43.9,48.9,37.9,177
"6918",2,23.2,13.2,37.9,15.1,158
"6919",3,19.2,8.3,25,14,164
"6920",4,30.1,19.1,46,19.9,156
"6921",5,39.7,27.6,45,37,204
"6922",6,34.2,28,41,30,190
"6923",7,24.8,15.1,28.9,19.4,181
"6924",1,27.8,21.8,30.9,24.8,170
"6925",2,26.6,18.9,30.9,19.9,176
"6926",3,21.3,6.6,28.9,12.9,161
"6927",4,24.3,9.6,37,16,173
"6928",5,31.3,24.7,41,24.1,155
"6929",6,39,28.5,48.9,32,210
"6930",7,40.4,29.9,53.1,32,181
"6931",1,42.8,31.8,53.1,36,178
"6932",2,40.8,34.7,55,28,168
"6933",3,48.8,40,61,39.9,200
"6934",4,56.3,48.8,62.1,51.1,166
"6935",5,38.3,32.1,55,33.1,137
"6936",6,36,31.3,46,30,174
"6937",7,54.3,50.9,57.9,46,203
"6938",1,39,34,54,30,160
"6939",2,27.7,20.4,30.9,26.1,152
